time,x,y,z
10002,1,1.7894737,0.80921054
10013,0.8377193,1.3881578,0.9122807
10022,0.6896842,1.3179824,0.90898246
10032,0.5548246,1.3848597,0.87061405
10043,0.4506491,1.3442982,0.8519649
10052,0.41117543,1.2149123,0.8333333
10062,0.39582455,1.0537193,0.80263156
10073,0.39582455,1.0537193,0.80263156
10083,0.3541579,0.86403507,0.75877196
10092,0.3015263,0.90898246,0.7368421
10102,0.2631579,1.0197369,0.7028421
10112,0.2664386,1.0921053,0.6798246
10122,0.28617543,1.0548246,0.68529826
10133,0.2774035,0.9583333,0.72038597
10142,0.25108773,0.8519649,0.7817895
10152,0.1787193,0.7697368,0.86950874
10162,0.121701755,0.7697368,0.96710527
10173,0.114035085,0.7905614,1.0120527
10182,0.21929824,0.71929824,0.98903507
10192,0.41117543,0.5701754,0.9166667
10203,0.5383684,0.37061402,0.78289473
10212,0.44845614,0.1282807,0.6765263
10222,0.20833333,-0.02959649,0.6282807
10233,0.031789474,0.065789476,0.51096493
10242,0.057017542,0.3223684,0.3618421
10253,0.216,0.56578946,0.24012281
10262,0.3059123,0.711614,0.17324561
10273,0.21929824,0.7752105,0.1787193
10282,-0.014245614,0.87389475,0.21161404
10292,-0.014245614,0.87389475,0.21161404
10303,-0.3618421,1.1195087,0.121701755
10312,-0.3618421,1.1195087,0.121701755
10322,-0.5383684,0.74450874,-0.13924561
10332,-0.5383684,0.74450874,-0.13924561
10343,-0.62938595,0.07345614,-0.502193
10352,-0.63266665,-0.1414386,-0.7927544
10363,-0.7850877,-0.09977193,-1.1502105
10372,-1.1041579,0.1282807,-1.4210526
10382,-1.4495614,0.29275438,-1.6480175
10392,-1.7741228,0.29275438,-1.8903508
10402,-2.0986843,0.055912282,-2.099772
10412,-2.3442984,-0.46380702,-2.252193
10422,-2.4232457,-1.0789474,-2.3037193
10433,-2.4232457,-1.0789474,-2.3037193
10442,-2.0877192,-2.1348596,-2.1458247
10453,-1.7631578,-2.6633685,-1.963807
10463,-1.4923158,-3.1129298,-1.6238947
10472,-1.3431929,-3.3760877,-1.1107368
10482,-1.466,-3.2357368,-0.5548246
10492,-1.6030701,-2.997807,-0.24561404
10502,-1.5471404,-2.950649,-0.23464912
10512,-1.2785088,-3.0263157,-0.4155614
10523,-0.841,-2.9649122,-0.62061405
10532,-0.51096493,-2.597579,-0.7872807
10542,-0.5219298,-2.1217017,-1.0065789
10552,-0.8168772,-1.7324561,-1.3453859
10563,-1.1732457,-1.4013158,-1.7324561
10572,-1.1545964,-1.347579,-1.8695087
10582,-0.7686316,-1.4035088,-1.6787193
10592,-0.34868422,-1.3815789,-1.4067894
10603,-0.30482456,-1.0087719,-1.1469299
10612,-0.35635087,-0.97257894,-1.1052631
10622,-0.32456142,-1.2675439,-1.222579
10632,-0.3377193,-1.5295964,-1.3804737
10642,-0.33442104,-1.5734562,-1.5712632
10653,-0.25547367,-1.4232457,-1.6041579
10662,-0.15570176,-1.463807,-1.4221404
10672,-0.039473683,-1.7423158,-1.1721404
10682,0.062491227,-2.0668771,-0.90570176
10693,0.1787193,-2.1842105,-0.6085439
10702,0.35964912,-2.0153508,-0.3223684
10712,0.5614035,-1.6370527,-0.10635088
10722,0.75,-1.1732457,0.028508771
10732,0.75,-1.1732457,0.028508771
10743,1.1304737,-0.20175439,0.24561404
10752,1.1304737,-0.20175439,0.24561404
10763,1.629386,0.71929824,0.5131579
10772,1.629386,0.71929824,0.5131579
10782,2.1129298,1.2719299,0.7642456
10793,2.1129298,1.2719299,0.7642456
10802,2.1929824,1.347579,0.961614
10812,1.8585439,1.2488947,1.088807
10823,1.2982457,1.2149123,1.125
10833,0.65570176,1.4583334,0.843193
10842,0.038368423,1.9144737,0.10854386
10852,-0.68421054,1.5032808,-0.9177544
10862,-1.3059123,0.19187719,-1.6666666
10872,-1.2686316,-1.3234562,-1.6589825
10882,-0.66885966,-2.6743333,-1.1513158
10893,0.01754386,-3.1918771,-0.8618421
10902,0.34429824,-2.8015263,-0.73903507
10912,0.4473684,-1.7576667,-0.6951754
10923,0.4868421,-0.72587717,-0.6754386
10932,0.57564914,-0.17324561,-0.6184211
10942,0.49889475,0.13157895,-0.5701754
10953,0.121701755,0.25438598,-0.61731577
10962,-0.18859649,0.50877196,-0.77412283
10972,-0.49342105,0.5383684,-0.95394737
10982,-1.2532808,0.38485965,-1.0285088
10993,-1.1282808,0.6217018,-0.5317895
11002,-0.63377196,0.16228071,-0.07126316
11012,-0.27082455,-0.87938595,0.08552632
11022,0.33552632,-1.245614,0.20394737
11033,1.0120527,-0.34429824,0.5131579
11042,1.351965,0.9385965,1.0635965
11052,1.0350877,1.7839825,1.5153508
11063,0.25,2.1688597,1.8092105
11072,-0.44517544,2.3201754,2.1260877
11082,-0.80591226,2.341,2.5899122
11093,-0.88377196,2.1995614,3.071263
11102,-0.66117543,1.5800351,3.1370525
11112,0.1545965,0.46380702,2.6524036
11123,1.4451754,-0.42105263,2.1414385
11132,1.4451754,-0.42105263,2.1414385
11142,2.9407895,-0.8947368,1.1995614
11153,2.843193,-0.26863158,0.70722806
11162,2.3969297,0.70614034,0.30043858
11173,2.3969297,0.70614034,0.30043858
11182,1.2675439,1.9649123,-0.37280703
11192,1.2675439,1.9649123,-0.37280703
11203,0.99889475,1.9517543,-0.42214036
11213,0.9265263,2.629386,-0.25657895
11223,0.99889475,3.2795966,-0.031789474
11232,1.1622807,3.3157895,0.1754386
11242,1.3146842,2.720386,0.3377193
11253,1.3245614,1.8859649,0.5142456
11262,1.1403508,1.3848597,0.6995614
11272,0.83114034,1.4100877,0.85745615
11282,0.54714036,1.5657895,0.9583333
11293,0.54714036,1.5657895,0.9583333
11302,0.3267544,1.2291579,0.9780702
11313,0.27301756,0.9100877,0.98573685
11323,0.27631578,0.66885966,0.95942104
11334,0.34649122,0.6754386,0.94845617
11342,0.40021053,0.9155614,0.9232456
11352,0.41117543,1.1940702,0.8815789
11363,0.38377193,1.3256491,0.8519649
11372,0.35196492,1.2664386,0.8530702
11382,0.32894737,1.0964912,0.8903509
11392,0.35196492,0.92763156,0.9627193
11403,0.43529823,0.7368421,1.0361755
11412,0.57345617,0.49670175,1.0931929
11422,0.7368421,0.30921054,1.1107368
11433,0.8048246,0.23573685,1.0931929
11442,0.8048246,0.23573685,1.0931929
11452,0.6545965,0.12608773,1.0394737
11463,0.20722806,0.23684211,0.7280702
11473,0.1524035,0.5285088,0.5295965
11482,0.20942105,0.7565789,0.37389475
11492,0.2258772,0.9035088,0.24450877
11502,0.083333336,1.0931929,0.18310526
11512,-0.17324561,1.3673158,0.10635088
11522,-0.39692983,1.5756491,-0.003280702
11533,-0.5745614,1.5570176,-0.10964912
11542,-0.65789473,1.3004386,-0.25438598
11552,-0.7017544,0.9045965,-0.40898246
11562,-0.92105263,0.5767544,-0.5899123
11572,-1.122807,0.2664386,-0.9035088
11582,-1.3004386,-0.001087719,-1.2817894
11592,-1.5877193,-0.096491225,-1.6589825
11602,-1.849772,-0.2631579,-1.9758772
11613,-2.1403508,-0.5197368,-2.091
11622,-2.4945087,-0.73903507,-2.106351
11632,-2.5866141,-1.0383685,-2.0263157
11642,-2.321263,-1.4791579,-1.8585439
11652,-1.9550351,-1.9671053,-1.7291579
11662,-1.6677544,-2.3958247,-1.625
11673,-1.5098597,-2.5131578,-1.4857368
11682,-1.5493333,-2.3344212,-1.3179824
11692,-1.7554737,-2.0274036,-1.211614
11702,-1.9210526,-1.834421,-1.1798246
11713,-1.9320176,-1.8936316,-1.1337719
11722,-1.8399123,-2.0899122,-1.0285088
11732,-1.6030701,-2.4144738,-1.0230175
11742,-1.4374912,-2.470386,-1.1765263
11753,-1.4078947,-2.0723684,-1.3256491
11762,-1.2631578,-1.5274035,-1.3607368
11772,-1.0537193,-1.226965,-1.2631578
11783,-0.9298246,-1.2795964,-1.0394737
11792,-0.9298246,-1.2795964,-1.0394737
11802,-0.92433333,-1.4067894,-0.7017544
11813,-0.7982456,-1.4824561,-0.8168772
11822,-0.37938598,-2.0833333,-1.2510877
11832,-0.13815789,-2.4155614,-1.5986842
11844,-0.21710527,-2.0350878,-1.6918772
11852,-0.21710527,-2.0350878,-1.6918772
11863,-0.18968421,-1.2708246,-1.7006491
11872,-0.18968421,-1.2708246,-1.7006491
11882,-0.00877193,-1.0734562,-1.4067894
11893,0.09757895,-1.0756491,-1.1666666
11902,0.09757895,-1.0756491,-1.1666666
11912,0.3892456,-1.4857368,-0.7379298
11922,0.5032807,-1.5756491,-0.54714036
11933,0.6019649,-1.5263158,-0.375
11942,0.74561405,-1.377193,-0.22038597
11952,0.95064914,-1.127193,-0.081140354
11963,1.1852982,-0.7872807,0.05482456
11980,1.4736842,-0.38047367,0.21161404
11982,1.4736842,-0.38047367,0.21161404
11993,1.9945087,0.37061402,0.6096491
12002,2.1129298,0.5394737,0.8037193
12012,2.0646842,0.40459648,0.9835439
12022,1.7675439,0.114035085,1.2028421
12032,1.2774035,0.03508772,1.334421
12042,0.60087717,0.38485965,1.2675439
12053,-0.27850878,0.80591226,0.63596493
12062,-1.0416666,0.70614034,-0.32017544
12072,-1.3333334,-0.25985965,-0.7982456
12082,-1.0931929,-1.2609649,-0.7949474
12092,-0.44078946,-2.1611755,-0.8399123
12103,0.030701755,-2.2839825,-0.8245614
12112,0.09210526,-1.6513158,-0.6765263
12122,0.11073684,-0.9287193,-0.6085439
12132,0.31029823,-0.4122807,-0.57345617
12142,0.41336843,-0.051526316,-0.63705266
12152,0.116228074,-0.10964912,-0.81907016
12163,-0.44517544,-0.042754386,-1.1535088
12172,-0.7313509,0.7872807,-1.4122807
12182,-0.7510877,1.5482457,-1.1765263
12193,-0.8618421,1.4013158,-0.5383684
12202,-0.81578946,1.084421,0.16447368
12212,-0.69626313,0.30701753,0.55921054
12223,-0.35526314,-0.7269649,0.63266665
12232,0.34757894,-0.79385966,0.6699474
12242,0.95394737,0.2269649,0.98245615
12254,1.247807,1.3124912,1.3651228
12262,1.0800351,1.9572281,1.5811404
12272,0.69626313,2.1864035,1.6052631
12282,0.52740353,2.0405614,1.6063509
12293,0.58442104,2.0317895,1.838807
12302,0.5515263,2.2609649,2.1831052
12312,0.54385966,2.2927544,2.2664385
12323,0.7401228,2.118421,2.1929824
12332,1.1414386,1.9013158,2.080035
12342,1.5493333,1.6995614,1.8684211
12352,1.8102982,1.5219299,1.502193
12362,1.8870527,1.4331052,1.0526316
12373,1.7982457,1.3673158,0.68529826
12382,1.6118422,1.3037193,0.37608773
12393,1.3991228,1.2083334,0.060298245
12403,1.2763158,1.1754386,-0.16447368
12412,1.1951754,1.5295964,-0.18968421
12423,1.1842105,2.3201754,-0.040561404
12432,1.3530701,3.0339825,0.21491228
12442,1.5811404,3.196263,0.42433333
12453,1.6677544,2.743421,0.5899123
12462,1.4506491,2.1129298,0.82345617
12472,1.4506491,2.1129298,0.82345617
12483,0.6622807,1.7927544,1.1754386
12493,0.6622807,1.7927544,1.1754386
12502,0.43749124,1.3377193,1.0657895
12512,0.42214036,0.8980175,0.9769649
12522,0.3651228,0.65570176,0.9254386
12532,0.34868422,0.6469298,0.875
12543,0.34868422,0.6469298,0.875
12552,0.35635087,0.7346491,0.8168772
12562,0.35196492,1.0559123,0.7280702
12573,0.35196492,1.0559123,0.7280702
12584,0.26205263,1.2861755,0.7105263
12592,0.23245615,1.3234562,0.7302632
12602,0.20942105,1.216,0.7269649
12613,0.2269649,0.8980175,0.7127193
12622,0.30701753,0.48026314,0.70722806
12632,0.4287193,0.19078948,0.7313509
12642,0.44298247,0.16117544,0.80701756
12653,0.23684211,0.25877193,0.86073685
12662,-0.04605263,0.38157895,0.79933333
12672,-0.13047369,0.64254385,0.5614035
12682,-0.033982456,0.83222806,0.2850877
12693,0.057017542,0.7346491,0.11512281
12702,0.065789476,0.61950874,0.010964912
12712,-0.030701755,0.70722806,-0.07345614
12722,-0.25657895,1,-0.216
12732,-0.5416667,1.2280701,-0.40021053
12742,-0.74122804,1.0789474,-0.6469298
12752,-0.96380705,0.78398246,-0.9122807
12762,-1.2181929,0.6096491,-1.1754386
12772,-1.3914386,0.33661404,-1.4199474
12782,-1.5241228,-0.2028421,-1.6578947
12793,-1.7752105,-0.7817895,-1.8026316
12802,-1.9418772,-1.0745614,-1.7916666
12813,-1.9868422,-1.0986842,-1.7554737
12822,-1.963807,-1.1304737,-1.7576667
12832,-1.877193,-1.2050351,-1.7576667
12843,-1.7675439,-1.3146842,-1.7357368
12852,-1.6414386,-1.5142456,-1.7214912
12862,-1.5405614,-1.6918772,-1.6918772
12873,-1.5109649,-1.8015263,-1.629386
12882,-1.5328947,-1.8662281,-1.5668772
12893,-1.5635965,-1.834421,-1.5054737
12902,-1.5295964,-1.7302631,-1.4002105
12912,-1.3508772,-1.7061404,-1.209421
12923,-1.0230175,-1.9802631,-1.0416666
12932,-0.8497719,-2.2116141,-0.9736842
12942,-0.8497719,-2.2116141,-0.9736842
12953,-0.7872807,-2.2719297,-1.2039474
12962,-0.6436316,-2.25,-1.4243333
12973,-0.6304737,-2.127193,-1.4528421
12982,-0.7631579,-2.0559123,-1.2280701
12992,-0.7631579,-2.0559123,-1.2280701
13002,-0.90570176,-2.2949474,-0.7817895
13013,-0.5537193,-2.8037193,-1.0164386
13022,-0.4309123,-2.8223684,-1.1677544
13033,-0.4309123,-2.8223684,-1.1677544
13042,-0.5164386,-1.9835439,-1.3848597
13052,-0.5164386,-1.9835439,-1.3848597
13063,-0.32345614,-1.4462632,-1.5800351
13072,-0.32345614,-1.4462632,-1.5800351
13082,-0.12061404,-0.96710527,-1.2291579
13093,-0.12061404,-0.96710527,-1.2291579
13102,0.098684214,-1.1842105,-0.8848596
13112,0.18859649,-1.252193,-0.75438595
13122,0.26863158,-1.3267543,-0.5668772
13133,0.39582455,-1.3135965,-0.35964912
13142,0.5646842,-1.1447369,-0.17433333
13152,0.7598596,-0.82345617,0.00877193
13163,1.0087719,-0.4265263,0.18421052
13172,1.3146842,-0.023017544,0.37608773
13182,1.6458246,0.35635087,0.5581053
13192,1.9550351,0.6315789,0.69736844
13202,2.1896842,0.7467018,0.8278421
13213,2.2620525,0.75,0.98245615
13222,2.0504386,0.74561405,1.1238947
13232,1.5592105,0.8969298,1.1633685
13242,0.8333333,1.2412281,0.9045965
13253,-0.098684214,1.4967017,0.20394737
13262,-0.9002105,0.97915787,-1.0778421
13272,-1.4429824,-0.0372807,-2.1381578
13282,-1.4374912,-1.1644737,-2.2401228
13292,-0.7850877,-2.593193,-1.5986842
13303,0.016438596,-3.3574562,-1.086614
13312,0.016438596,-3.3574562,-1.086614
13322,0.11950877,-1.7412281,-0.75877196
13333,0.11950877,-1.7412281,-0.75877196
13342,0.21819298,-0.30482456,-0.7686316
13352,0.21819298,-0.30482456,-0.7686316
13363,0.9517544,-0.14363158,-0.6403509
13372,0.9517544,-0.14363158,-0.6403509
13382,0.64582455,0.58442104,-0.2609649
13393,0.2532807,1.0646842,-0.024122806
13402,-0.25547367,1.0745614,0.13485965
13412,-0.7664386,0.6151228,0.28398246
13423,-0.78289473,0.20394737,0.38705263
13432,-0.41885966,0.015350877,0.31578946
13442,0.04385965,0.25657895,0.2258772
13452,0.31578946,0.80591226,0.22149123
13463,0.40678948,1.3563509,0.45284212
13472,0.43310526,1.8278421,0.843193
13482,0.3015263,2.0559123,1.1699474
13492,0.3015263,2.0559123,1.1699474
13503,-0.20394737,1.9002105,1.8311404
13512,-0.31249124,1.7039474,2.224772
13522,-0.19517544,1.3815789,2.591
13532,-0.010964912,1.2028421,2.8574562
13543,0.31029823,0.9813509,2.8947368
13552,0.95942104,0.8146842,2.6929824
13562,1.8026316,0.8892456,2.3311403
13572,2.5010877,0.9232456,1.7861755
13582,2.8870525,0.8618421,1.1973684
13593,2.9155614,0.8399123,0.7510877
13602,2.5822282,1.0361755,0.42105263
13612,1.9276316,1.591,0.024122806
13622,1.1907895,2.256579,-0.3991228
13632,0.8969298,2.7214913,-0.5767544
13643,1.1951754,3.0877192,-0.3881579
13652,1.1951754,3.0877192,-0.3881579
13662,1.8607368,2.2905614,0.33114034
13673,1.8607368,2.2905614,0.33114034
13682,0.8585439,0.70722806,1.2620527
13692,0.46052632,1.2291579,1.2785088
13703,0.35526314,1.6458246,1.0778421
13712,0.37061402,1.4331052,0.86403507
13722,0.4024035,1.0701754,0.78289473
13733,0.4396842,0.9254386,0.76205266
13742,0.46380702,0.92214036,0.7642456
13752,0.4265263,0.9868421,0.7565789
13762,0.3673158,1.127193,0.7346491
13773,0.3015263,1.2434211,0.72038597
13782,0.26535088,1.2807018,0.72587717
13793,0.24889474,1.2445087,0.75877196
13802,0.2269649,1.1513158,0.7850877
13813,0.2291579,0.94407016,0.7850877
13822,0.2905614,0.6403509,0.7894737
13832,0.38157895,0.4155614,0.8278421
13842,0.38705263,0.41994736,0.877193
13853,0.25877193,0.5098596,0.8552632
13862,0.114035085,0.4923158,0.7795965
13872,0.11073684,0.5668772,0.5767544
13883,0.16228071,0.6535088,0.34429824
13892,0.15570176,0.5197368,0.2609649
13902,0.13485965,0.45833334,0.21491228
13913,0.09757895,0.6502105,0.14801754
13922,-0.05482456,0.96929824,0.030701755
13934,-0.33880702,1.213807,-0.1118421
13942,-0.61622804,1.2576667,-0.2258772
13952,-0.61622804,1.2576667,-0.2258772
13962,-0.99231577,1.091,-0.55591226
13973,-0.99231577,1.091,-0.55591226
13982,-1.1798246,0.502193,-1.1359649
13992,-1.1798246,0.502193,-1.1359649
14003,-1.5548246,-0.100877196,-1.5800351
14012,-1.972579,-0.2291579,-1.7203859
14022,-2.1666667,-0.3377193,-1.8815789
14032,-2.0767543,-0.6918772,-1.9495614
14042,-1.8629298,-1.2368422,-1.9199474
14052,-1.8629298,-1.2368422,-1.9199474
14062,-1.4572281,-1.7719299,-1.754386
14072,-1.4572281,-1.7719299,-1.754386
14082,-1.3859649,-1.7872807,-1.5416666
14093,-1.3859649,-1.7872807,-1.5416666
14102,-1.6644737,-1.8508772,-1.370614
14112,-1.6644737,-1.8508772,-1.370614
14123,-1.5833334,-1.8958246,-1.334421
14133,-1.4396842,-1.995614,-1.2686316
14142,-1.3245614,-2.0624912,-1.1436316
14153,-1.3245614,-2.0624912,-1.1436316
14162,-1.2401228,-2.1557016,-0.9627193
14172,-1.2401228,-2.1557016,-0.9627193
14182,-1.0701754,-2.1173158,-0.9177544
14193,-0.8969298,-2.1502106,-0.90570176
14202,-0.8717018,-2.0219297,-0.8114035
14212,-0.9045965,-1.8508772,-0.75766665
14223,-0.80921054,-1.8991228,-0.8881579
14232,-0.5515263,-2.1491227,-1.1842105
14242,-0.34649122,-2.2346492,-1.4243333
14253,-0.17324561,-2.3157895,-1.6085439
14262,-0.08222807,-2.366228,-1.8223684
14272,-0.09429824,-2.0241227,-1.9331052
14283,-0.10526316,-1.3870527,-1.8815789
14292,-0.032894738,-0.9934211,-1.6962632
14302,0.12719299,-1.0789474,-1.4791579
14312,0.26205263,-1.2401228,-1.2236842
14323,0.37170175,-1.3157895,-0.94845617
14332,0.49342105,-1.4177544,-0.71380705
14342,0.6282807,-1.4462632,-0.5164386
14353,0.7653509,-1.3541579,-0.33661404
14362,0.92433333,-1.1655614,-0.16447368
14374,1.1063509,-0.8969298,-0.01754386
14382,1.338807,-0.56798244,0.1414386
14392,1.5986842,-0.18421052,0.30921054
14403,1.8870527,0.18421052,0.5142456
14412,2.1370525,0.42433333,0.7214912
14422,2.2445087,0.45394737,0.92214036
14433,2.1348596,0.37719297,1.1611755
14442,1.754386,0.3640351,1.3135965
14452,1.754386,0.3640351,1.3135965
14462,0.23792982,1.3102982,0.76205266
14472,0.23792982,1.3102982,0.76205266
14482,-1.2708246,0.841,-1.6787193
14493,-1.5789474,0.02082456,-2.1666667
14502,-1.2390351,-0.8355263,-1.6842105
14513,-1.2390351,-0.8355263,-1.6842105
14524,0.08991228,-2.696263,-0.9199474
14532,0.08991228,-2.696263,-0.9199474
14542,0.19517544,-2.3333333,-0.9232456
14553,0.3015263,-0.78289473,-0.8903509
14562,0.5263158,-0.28398246,-0.8355263
14572,0.5285088,0.04605263,-0.8563509
14582,0.28070176,0.58114034,-0.94407016
14592,0.014245614,1.5208246,-0.9045965
14602,-0.5197368,1.6545964,-0.7368421
14613,-1.3212632,0.9627193,-0.5383684
14622,-1.2741228,0.26863158,-0.0745614
14632,-0.75877196,-0.625,0.1754386
14642,-0.038368423,-1.0570176,0.14363158
14652,0.5416667,-0.47038597,0.059210528
14663,0.95722806,0.8015263,0.23464912
14672,1.1370527,1.7390351,0.5778421
14683,0.872807,2.0394738,0.81029826
14692,0.28836843,2.1600878,1.086614
14702,-0.22807017,2.370614,1.627193
14713,-0.46380702,2.6425438,2.4155614
14722,-0.5614035,2.6765263,3.1787193
14732,-0.6184211,2.1425438,3.5504386
14743,-0.27959648,1.2828947,3.4385965
14752,0.7817895,0.6798246,2.976965
14762,2.0745614,0.42543858,2.3267543
14773,2.8903508,0.18091229,1.5964912
14782,3.0877192,0.1787193,1.0153508
14792,2.8629298,0.5877193,0.65240353
14803,2.3958247,1.2785088,0.4418772
14812,2.3958247,1.2785088,0.4418772
14823,1.4912281,2.3651228,-0.26973686
14832,1.3738947,2.493421,-0.49122807
14842,1.4550351,2.7719297,-0.3618421
14853,1.6052631,3.0120525,-0.001087719
14862,1.629386,2.946263,0.3914386
14872,1.5,2.4265263,0.83880705
14883,1.2807018,1.6315789,1.1699474
14892,1.0767543,1.1403508,1.2357368
14902,0.9298246,1.2072281,1.1688596
14912,0.7850877,1.370614,1.0964912
14923,0.64254385,1.252193,1.0537193
14932,0.5295965,0.966,1.0120527
14942,0.53398246,0.80591226,0.95614034
14953,0.57126313,0.836614,0.9002105
14962,0.57236844,1.0153508,0.8651228
14972,0.49561402,1.209421,0.8300351
14982,0.40021053,1.3179824,0.8037193
14993,0.35307017,1.3552631,0.80591226
15002,0.34210527,1.3190702,0.82126313
15012,0.35854387,1.1754386,0.84538597
15022,0.41336843,0.8947368,0.8497719
15033,0.53070176,0.5416667,0.88266665
15042,0.6282807,0.27301756,0.9166667
15052,0.57126313,0.11950877,0.92214036
15063,0.41336843,0.16666667,0.83880705
15072,0.3114035,0.41666666,0.5986842
15082,0.28398246,0.6052632,0.3618421
15092,0.24561404,0.6085439,0.20833333
15103,0.114035085,0.7642456,0.14473684
15112,-0.100877196,1.1710526,0.07126316
15122,-0.3256491,1.6140351,-0.07564912
15133,-0.5186316,1.8333334,-0.24342105
15142,-0.74450874,1.8322281,-0.4122807
15152,-0.9627193,1.8037193,-0.5833333
15162,-1.1414386,1.622807,-0.7719298
15173,-1.3081052,1.1688596,-1.0679824
15182,-1.6282808,0.85745615,-1.4539474
15193,-1.9539474,0.7302632,-1.9013158
15202,-2.1557016,0.4276316,-2.252193
15212,-2.1557016,0.4276316,-2.252193
15223,-2.716,-0.35854387,-2.4100878
15232,-2.716,-0.35854387,-2.4100878
15242,-2.2335439,-1.0767543,-2.1688597
15252,-2.2335439,-1.0767543,-2.1688597
15263,-1.709421,-2.0361755,-1.995614
15272,-1.709421,-2.0361755,-1.995614
15282,-1.5942982,-2.0175438,-1.4945087
15294,-1.7598597,-1.7938596,-1.2795964
15302,-1.9276316,-1.6864035,-1.209421
15313,-1.8804737,-1.8037193,-1.2576667
15322,-1.6677544,-2.101965,-1.2642456
15333,-1.4385965,-2.5032806,-1.1403508
15342,-1.3804737,-2.6754386,-0.9901228
15352,-1.4298246,-2.472579,-0.9035088
15362,-1.4188596,-2.1885965,-0.87061405
15373,-1.3541579,-1.8958246,-0.77740353
15382,-1.3684211,-1.4199474,-0.5668772
15392,-1.4199474,-0.875,-0.37719297
15403,-1.3530701,-0.63377196,-0.38377193
15412,-1.1557018,-0.8037193,-0.53398246
15422,-0.94845617,-1.1743333,-0.68529826
15434,-0.7346491,-1.5964912,-0.84757894
15442,-0.5263158,-1.9473684,-1.101965
15454,-0.52082455,-1.713807,-1.3015263
15462,-0.5416667,-1.1831052,-1.4309123
15472,-0.5416667,-1.1831052,-1.4309123
15482,-0.2850877,-1.0986842,-1.2357368
15492,-0.2850877,-1.0986842,-1.2357368
15502,0.14035088,-1.4276316,-0.79605263
15514,0.35526314,-1.6644737,-0.593193
15522,0.35526314,-1.6644737,-0.593193
15533,0.5,-1.8026316,-0.40021053
15542,0.81029826,-1.7203859,-0.009859649
15552,1.0679824,-1.463807,0.1513158
15562,1.377193,-1.0098597,0.29275438
15572,1.722579,-0.4309123,0.4364035
15583,1.722579,-0.4309123,0.4364035
15592,2.3311403,0.56798244,0.7346491
15602,2.3311403,0.56798244,0.7346491
15612,2.4067895,0.71380705,0.95722806
15622,2.254386,0.55701756,1.1458246
15632,1.9440702,0.46052632,1.2050351
15642,1.4199474,0.9528421,1.0734562
15652,0.4122807,1.6798246,0.5581053
15663,-1.3618422,0.16666667,-1.0394737
15672,-1.3618422,0.16666667,-1.0394737
15682,-1.0295964,-2.347579,-1.3585439
15692,-0.5449474,-2.7017543,-1.0361755
15702,-0.5449474,-2.7017543,-1.0361755
15712,-0.34649122,-1.120614,-0.41775438
15722,-0.34649122,-1.120614,-0.41775438
15732,-0.038368423,-0.12938596,-0.50766665
15743,-0.038368423,-0.12938596,-0.50766665
15752,-0.59538597,0.05263158,-1.2258772
15762,-0.7401228,1.4835439,-1.6304737
15773,-0.5131579,2.5427544,-1.3914386
15782,-0.622807,1.8870527,-0.60745615
15792,-0.73245615,1.2214912,0.024122806
15803,-0.2532807,0.716,0.23135088
15812,-0.2532807,0.716,0.23135088
15822,0.25657895,0.066877194,0.17324561
15833,0.5504386,-0.125,0.37280703
15842,0.86950874,0.5515263,0.8618421
15852,1.0712632,1.7730175,1.3464912
15862,0.86073685,1.834421,1.4692982
15873,0.7313509,1.7258772,1.752193
15882,0.7313509,1.7258772,1.752193
15892,0.7050351,1.6436316,2.088807
15903,0.5153509,2.0942984,2.6655614
15912,0.5153509,2.0942984,2.6655614
15922,0.5350877,2.133772,2.743421
15932,0.9035088,1.9177544,2.571263
15942,1.4374912,1.591,2.1260877
15952,1.8563509,1.252193,1.459421
15963,1.9923158,1.0504386,0.22807017
15972,1.9923158,1.0504386,0.22807017
15982,1.7730175,1.0734562,0
15993,1.5131578,1.1381578,-0.066877194
16002,1.341,2.0054736,-0.10964912
16012,1.341,2.0054736,-0.10964912
16022,1.6557018,2.247807,0.083333336
16033,1.9901228,2.495614,0.3300351
16042,2.0164385,2.6644738,0.55921054
16053,1.6655614,2.2795966,0.7664386
16062,1.2214912,1.5537193,0.93201756
16072,0.7214912,1.0350877,1.1666666
16083,0.6304737,0.8530702,1.1787193
16092,0.6304737,0.8530702,1.1787193
16102,0.60415787,0.37719297,1.0877193
16113,0.60415787,0.37719297,1.0877193
16122,0.5646842,0.28070176,1.0482457
16132,0.59429824,0.26754385,1
16142,0.6480175,0.3782807,0.9155614
16152,0.64912283,0.61622804,0.83114034
16162,0.586614,0.86073685,0.79605263
16173,0.48464912,0.97587717,0.8048246
16182,0.37719297,0.97915787,0.84210527
16192,0.30043858,0.92763156,0.88266665
16202,0.31029823,0.7785088,0.8969298
16212,0.36842105,0.5142456,0.85745615
16223,0.36842105,0.5142456,0.85745615
16232,0.22038597,0.5449474,0.86073685
16242,-0.003280702,0.5131579,0.8563509
16252,-0.058105264,0.5065789,0.43310526
16262,-0.058105264,0.5065789,0.43310526
16273,-0.016438596,0.5964912,0.18201755
16282,-0.0877193,0.40570176,0.078947365
16292,-0.1524035,0.33442104,-0.03508772
16302,-0.2642456,0.5778421,-0.21271929
16313,-0.5164386,0.91885966,-0.40678948
16322,-0.841,1.0504386,-0.5701754
16332,-1.0789474,0.9528421,-0.70614034
16343,-1.2763158,0.70722806,-0.8135965
16352,-1.5504386,0.48573685,-0.90789473
16362,-1.6447369,0.17763157,-0.997807
16373,-1.6447369,-0.34429824,-1.0712632
16382,-1.6820176,-0.68529826,-1.0833334
16393,-1.6907895,-0.68421054,-1.1940702
16402,-1.7258772,-0.5701754,-1.3969299
16412,-1.7379298,-0.4265263,-1.5482457
16422,-1.6337719,-0.40570176,-1.6600877
16433,-1.4352982,-0.6918772,-1.7807018
16442,-1.2642456,-1.213807,-1.9265263
16453,-1.2127193,-1.724772,-2.071263
16462,-1.2423158,-2.075649,-2.1820176
16472,-1.3070176,-2.2258773,-2.196263
16483,-1.3870527,-2.198456,-2.0986843
16492,-1.4649123,-2.0581052,-1.8717017
16502,-1.620614,-1.7675439,-1.5438596
16513,-1.7795964,-1.4561404,-1.2368422
16522,-1.8179824,-1.2488947,-1.0076667
16532,-1.6765263,-1.2850877,-0.8552632
16543,-1.0175439,-2.2927544,-1.0537193
16554,-1.0175439,-2.2927544,-1.0537193
16562,-0.7785088,-2.6787193,-1.0581052
16572,-0.7785088,-2.6787193,-1.0581052
16582,-0.9418772,-2.3607368,-0.98573685
16592,-1.0405614,-1.8015263,-0.9769649
16602,-0.9035088,-1.4407895,-1.0438596
16612,-0.6885965,-1.4605263,-1.1359649
16623,-0.5197368,-1.7368422,-1.2203859
16632,-0.33442104,-2.0372808,-1.3640351
16643,-0.2905614,-1.9780701,-1.466
16652,-0.33333334,-1.6085439,-1.4846492
16663,-0.3256491,-1.1677544,-1.2927544
16672,-0.3256491,-1.1677544,-1.2927544
16682,-0.31029823,-1.209421,-1.0471404
16693,-0.098684214,-1.4868422,-0.84757894
16702,0.15570176,-1.7390351,-0.6798246
16712,0.37061402,-1.7488947,-0.5219298
16722,0.5548246,-1.6545964,-0.3541579
16733,0.74231577,-1.4681929,-0.1754386
16742,0.99231577,-1.1491228,0.001087719
16752,1.3048246,-0.67105263,0.18421052
16762,1.6589825,-0.09429824,0.35745615
16773,2.345386,0.7850877,0.6885965
16782,2.345386,0.7850877,0.6885965
16792,2.5252106,0.92763156,0.8684211
16803,2.470386,0.8881579,1.0175439
16813,2.1557016,1.0087719,1.0109649
16822,1.5789474,1.3563509,0.7664386
16832,0.40021053,1.3059123,0.16117544
16842,-0.89254385,0.8114035,-1.1567894
16852,-1.5295964,0.10745614,-2.1030703
16862,-1.4374912,-0.7434211,-2.0921052
16872,-0.7664386,-2.0153508,-1.5010877
16883,-0.116228074,-2.9100878,-1.1008772
16892,0.050438598,-2.729158,-0.8355263
16902,-0.04605263,-1.6721404,-0.71710527
16913,0.002192983,-0.51096493,-0.7467018
16922,0.3059123,-0.009859649,-0.7050351
16933,0.46929824,-0.024122806,-0.6282807
16943,0.26863158,0.2631579,-0.55263156
16952,-0.21161404,1.1666666,-0.45284212
16962,-0.7510877,1.7467017,-0.2741228
16973,-1.1929824,1.1831052,0.050438598
16982,-1.1567894,0.13047369,0.37938598
16993,-0.6414386,-0.25547367,0.26863158
17002,-0.060298245,-0.05482456,-0.041666668
17012,0.24122807,0.4155614,-0.20614035
17023,0.47368422,1.097579,-0.04385965
17033,0.81249124,1.6721404,0.33222806
17042,0.81249124,1.6721404,0.33222806
17053,0.70942104,1.7280701,0.98245615
17062,0.3168772,1.7171053,1.4429824
17072,-0.0372807,1.8431929,2.0482457
17083,-0.5142456,1.9923158,3.2620525
17092,-0.5142456,1.9923158,3.2620525
17102,-0.3114035,1.6008772,3.4221404
17112,0.3782807,1.1074561,3.0855262
17123,1.4813509,0.8914386,2.3925438
17132,2.4539473,0.88596493,1.7379298
17142,2.9210527,0.90570176,1.2171053
17152,2.9013157,0.9879298,0.80921054
17162,2.5964913,1.1502105,0.5285088
17172,2.1644738,1.3969299,0.26973686
17182,1.7171053,1.6096492,-0.030701755
17193,1.4352982,1.6864035,-0.26754385
17202,1.4429824,2.0515263,-0.24889474
17212,1.7510877,2.7192984,0.02631579
17223,2.0295966,3.0515263,0.375
17232,1.8738947,2.6447368,0.7434211
17242,1.3958246,1.726965,1.099772
17252,0.65570176,1.120614,1.4671053
17263,0.65570176,1.120614,1.4671053
17272,0.5394737,1.211614,1.4517543
17283,0.48792982,1.2927544,1.338807
17292,0.41117543,1.1644737,1.2434211
17303,0.41885966,0.94626313,1.2061404
17312,0.5350877,0.8355263,1.1480175
17322,0.627193,0.9002105,1.0361755
17333,0.6063509,1.0734562,0.94736844
17342,0.5405614,1.2006491,0.9364035
17352,0.47477192,1.1973684,0.9747719
17362,0.40459648,1.1107368,0.9934211
17372,0.341,0.9144737,0.98573685
17382,0.32456142,0.68091226,0.9528421
17392,0.3190702,0.5317895,0.90789473
17403,0.26973686,0.41336843,0.8969298
17414,0.12608773,0.20942105,0.8848596
17422,0.019736841,0.28289473,0.68749124
17432,0.08991228,0.6798246,0.3267544
17443,0.16556141,0.7236842,0.1282807
17452,0.16008772,0.5,0.07017544
17462,0.09977193,0.47368422,-0.014245614
17473,-0.08880702,0.7368421,-0.15570176
17482,-0.41117543,1.1118422,-0.30810526
17493,-0.70614034,1.3256491,-0.45284212
17502,-0.88596493,1.336614,-0.57894737
17512,-0.9517544,1.1852982,-0.69078946
17522,-1.0899123,0.8914386,-0.85745615
17533,-1.4100877,0.41775438,-1.0712632
17542,-1.9451754,-0.5164386,-1.4605263
17552,-1.9451754,-0.5164386,-1.4605263
17563,-2.1480176,-0.92214036,-1.6030701
17575,-1.8837719,-0.9901228,-1.6918772
17582,-1.8837719,-0.9901228,-1.6918772
17592,-1.7686316,-0.8245614,-1.6962632
17603,-1.6842105,-0.8135965,-1.7105263
17612,-1.5986842,-1.0208246,-1.7445087
17622,-1.5559123,-1.3431929,-1.7993333
17632,-1.5822281,-1.6655614,-1.8673158
17642,-1.6491228,-1.8640351,-1.9298246
17652,-1.6864035,-1.9100877,-1.961614
17662,-1.7050351,-1.8563509,-1.8837719
17672,-1.6995614,-1.8223684,-1.6557018
17683,-1.5449474,-2.0175438,-1.3892456
17692,-1.2401228,-2.481351,-1.2423158
17702,-0.89582455,-2.9945087,-1.2028421
17712,-0.6644737,-3.2445087,-1.2280701
17722,-0.591,-3.1622808,-1.2883685
17733,-0.8377193,-2.4627192,-1.120614
17742,-0.8377193,-2.4627192,-1.120614
17752,-1.2839825,-1.4813509,-0.7313509
17762,-1.2839825,-1.4813509,-0.7313509
17772,-1.1063509,-1.5833334,-0.90898246
17783,-0.9122807,-1.9221404,-1.127193
17793,-0.8377193,-2.0723684,-1.2412281
17802,-0.62061405,-2.325649,-1.4681929
17813,-0.46929824,-2.3026316,-1.6315789
17822,-0.48135087,-1.966,-1.6447369
17833,-0.51754385,-1.4868422,-1.5109649
17842,-0.44078946,-1.3486842,-1.3102982
17852,-0.3223684,-1.4418772,-1.1436316
17863,-0.16775438,-1.5471404,-0.97587717
17872,-0.004385965,-1.6589825,-0.78617543
17882,0.15678947,-1.6842105,-0.59210527
17892,0.32345614,-1.586614,-0.40898246
17903,0.5372807,-1.3596492,-0.24122807
17912,0.83114034,-0.9967018,-0.0745614
17922,1.1864035,-0.5164386,0.100877196
17932,1.5734562,0.025210526,0.3026316
17943,1.9473684,0.5032807,0.49450877
17952,2.2401228,0.7763158,0.6633684
17963,2.4002106,0.7642456,0.875
17972,2.3651228,0.627193,1.099772
17982,2.1140351,0.64254385,1.2072281
17993,1.6195087,1.099772,1.1513158
18002,0.711614,1.6392456,0.9067895
18012,-0.3223684,1.7883685,0.081140354
18023,-0.997807,0.86622804,-1.2291579
18032,-1.3421053,-0.61950874,-1.747807
18042,-1.1896842,-1.9243333,-1.4440702
18053,-0.6348596,-3.0921052,-1.1611755
18062,-0.16447368,-3.106351,-1.088807
18072,0.009859649,-2.073456,-1.004386
18082,0.08880702,-0.77740353,-0.9967018
18093,0.30482456,0.033982456,-0.92433333
18102,0.51205266,0.08552632,-0.7236842
18113,0.43310526,0.033982456,-0.61622804
18122,-0.29605263,1.6063509,-0.591
18132,-0.29605263,1.6063509,-0.591
18143,-0.72038597,1.6787193,-0.468193
18152,-0.9747719,1.1381578,-0.18749122
18162,-0.7785088,0.4385965,0.10307018
18173,-0.43421054,-0.19626316,-0.02082456
18182,0.10307018,-0.19078948,-0.16666667
18192,0.5065789,0.5230175,0.012052632
18203,0.8399123,1.3717017,0.40021053
18212,1.0153508,1.9078947,0.77082455
18222,0.8684211,1.9890351,1.0164386
18232,0.5197368,1.9967017,1.3190702
18243,0.16336842,2.1326666,1.8114035
18252,-0.047140352,2.3245614,2.4298246
18262,-0.18859649,2.4451754,3.06907
18273,-0.23245615,2.3377192,3.5581052
18282,0.1545965,1.9901228,3.629386
18294,1.127193,1.6765263,3.1633685
18302,2.1732457,1.5778421,2.5
18313,2.9342105,1.0602982,1.1929824
18323,2.9342105,1.0602982,1.1929824
18333,2.7905614,0.84757894,0.8048246
18342,2.4177544,0.99450874,0.47477192
18353,1.3563509,2.1600878,-0.2982456
18363,1.3563509,2.1600878,-0.2982456
18372,1.2258772,2.347579,-0.32456142
18382,1.601965,1.9934211,-0.123894736
18392,2.1557016,1.5635965,0.20503509
18403,2.468193,1.4484562,0.6732456
18412,2.2061403,1.2565789,1.084421
18422,1.5515263,1.1326667,1.3585439
18433,0.9265263,1.2203859,1.4813509
18442,0.5548246,1.3223684,1.4758772
18453,0.38705263,1.1611755,1.3508772
18462,0.3190702,0.9605263,1.254386
18472,0.37719297,0.9736842,1.1600877
18483,0.45284212,1.0602982,1.0767543
18492,0.5350877,1.1282808,0.9967018
18502,0.52082455,1.2828947,0.92763156
18513,0.40789473,1.3969299,0.88596493
18522,0.33661404,1.4111755,0.8969298
18534,0.29166666,0.8519649,0.90240353
18542,0.29166666,0.8519649,0.90240353
18553,0.33114034,0.4868421,0.872807
18562,0.3541579,0.32784212,0.875
18573,0.3168772,0.24342105,0.8815789
18582,0.20942105,0.11512281,0.86950874
18592,0.098684214,0.17652632,0.7730175
18602,0.10526316,0.466,0.48792982
18612,0.123894736,0.48354387,0.26973686
18623,0.13485965,0.3859649,0.1545965
18632,0.09210526,0.57894737,0.025210526
18642,-0.07017544,0.99889475,-0.116228074
18652,-0.30043858,1.2752105,-0.2664386
18663,-0.58442104,1.375,-0.4440702
18672,-0.8486842,1.4988947,-0.65789473
18682,-1.0328947,1.5942982,-0.88266665
18692,-1.2050351,1.3464912,-1.1381578
18702,-1.476965,0.6798246,-1.3508772
18712,-1.8760877,0.17652632,-1.4945087
18723,-1.972579,0.01754386,-1.599772
18732,-1.8925439,-0.16556141,-1.6567894
18742,-1.9298246,-0.4758772,-1.6918772
18753,-1.9155614,-0.75877196,-1.6348597
18762,-1.8146842,-0.87061405,-1.5317894
18773,-1.6238947,-0.9035088,-1.4506491
18782,-1.4890351,-0.9879298,-1.466
18792,-1.5274035,-1.1337719,-1.6052631
18803,-1.5986842,-1.2839825,-1.7949474
18812,-1.591,-1.372807,-1.9342105
18822,-1.5328947,-1.4320176,-1.9528421
18833,-1.4901228,-1.5263158,-1.8563509
18842,-1.5186316,-1.6370527,-1.6951754
18852,-1.5098597,-1.8102982,-1.4945087
18863,-1.336614,-2.0614035,-1.3311404
18872,-1.0778421,-2.3333333,-1.2379298
18882,-0.8760877,-2.5241227,-1.2324561
18893,-0.74561405,-2.6370525,-1.2686316
18902,-0.6414386,-2.6918771,-1.25
18912,-0.68091226,-2.627193,-1.0931929
18922,-0.91117543,-2.3947368,-0.8651228
18933,-1.1392456,-1.9374912,-0.70614034
18942,-1.1436316,-1.597579,-0.7467018
18952,-0.9166667,-1.7609649,-0.9583333
18963,-0.8278421,-1.9177544,-1.0142456
18974,-0.76096493,-2.0175438,-1.0789474
18982,-0.62938595,-2.19407,-1.2434211
18993,-0.59538597,-1.9265263,-1.3651228
19002,-0.59210527,-1.3618422,-1.3190702
19013,-0.48573685,-1.0745614,-1.125
19022,-0.3114035,-0.93091226,-1.0394737
19033,-0.16556141,-0.8717018,-0.9736842
19042,-0.104157895,-1.0986842,-0.7686316
19052,0.0372807,-1.2653508,-0.54933333
19063,0.24889474,-1.4013158,-0.37170175
19073,0.85415787,-1.3059123,-0.07017544
19082,0.85415787,-1.3059123,-0.07017544
19092,1.2006491,-0.90898246,0.12608773
19103,1.5471404,-0.40898246,0.36950877
19113,1.8760877,0.049333334,0.57564914
19122,2.1480176,0.33114034,0.7247719
19133,2.2795966,0.38157895,0.8497719
19142,2.2127192,0.3640351,0.94407016
19152,1.9681929,0.65898246,0.9254386
19162,1.5032808,1.3399123,0.6677544
19172,-0.8048246,0.9627193,-0.7894737
19182,-0.8048246,0.9627193,-0.7894737
19193,-1.3070176,0.37061402,-1.8640351
19202,-1.3267543,-0.25219297,-1.9550351
19212,-0.88705266,-1.5449474,-1.5120527
19222,-0.33222806,-2.7642455,-1.1765263
19232,-0.063596494,-2.7467017,-0.95722806
19243,0.028508771,-1.8431929,-0.79605263
19252,0.1491228,-0.80263156,-0.7510877
19262,0.36292982,-0.27192983,-0.7302632
19272,0.42214036,-0.12608773,-0.8464912
19282,0.1787193,0.35635087,-0.98245615
19292,-0.20064913,1.6513158,-1.0361755
19302,-0.5131579,2.4780703,-0.87061405
19313,-0.99889475,1.4473684,-0.30482456
19323,-0.9967018,0.040561404,0.19078948
19335,-0.48573685,-0.75766665,0.24012281
19342,0.002192983,-1,0.21819298
19352,0.31578946,-0.31029823,0.39582455
19362,0.5986842,0.8245614,0.74450874
19373,0.8892456,1.6151228,1.0811404
19382,0.95722806,1.8146842,1.224772
19392,0.8037193,1.7050351,1.3925439
19402,0.58222806,1.6315789,1.75
19412,0.3640351,1.726965,2.247807
19423,0.17214034,1.8958246,2.7686317
19432,0.11292982,1.8914386,3.1666667
19442,0.34538597,1.6085439,3.2883685
19453,1,1.0745614,3.0032806
19462,1.9364035,0.40678948,2.4857368
19472,2.7807016,-0.18640351,1.9254386
19482,3.2719297,-0.50438595,1.2960526
19493,3.3629298,-0.29714036,0.7554737
19502,3.0537193,0.50438595,0.4122807
19513,2.4254386,1.8168772,0.10745614
19522,1.7379298,3.0833333,-0.2872807
19533,1.3859649,3.754386,-0.56798244
19543,1.4309123,3.879386,-0.5449474
19552,1.6151228,3.631579,-0.23135088
19562,1.5833334,3.0438597,0.23354386
19573,1.3848597,1.8124912,0.6864035
19582,1.1140351,0.9298246,1.0098597
19592,0.80591226,1.1074561,1.0328947
19603,0.58222806,1.6710526,0.8717018
19613,0.5635965,1.8278421,0.7565789
19623,0.5833333,1.5614035,0.69078946
19632,0.47368422,1.2412281,0.6436316
19642,0.35307017,1.1030701,0.5986842
19652,0.30701753,1.1425439,0.59210527
19662,0.3190702,1.2072281,0.63705266
19672,0.33552632,1.2434211,0.69736844
19682,0.33333334,1.2565789,0.73903507
19693,0.33661404,1.2346492,0.75766665
19702,0.3651228,1.0756491,0.74450874
19712,0.4276316,0.8146842,0.716
19722,0.45614034,0.6052632,0.7302632
19732,0.4364035,0.53289473,0.8245614
19742,0.37061402,0.5372807,0.9605263
19752,0.27521053,0.56249124,1.0581052
19763,0.15898246,0.5855263,1.0482457
19772,0.13924561,0.6798246,0.8585439
19782,0.24670175,0.8760877,0.54605263
19792,0.24889474,0.97587717,0.3114035
19802,0.13047369,0.966,0.18968421
19812,-0.031789474,1.1052631,0.10964912
19822,-0.20394737,1.3892456,0.002192983
19832,-0.40459648,1.5800351,-0.16336842
19842,-0.6765263,1.5668772,-0.35526314
19853,-0.9879298,1.5098597,-0.5219298
19862,-1.3102982,1.5010877,-0.7214912
19872,-1.5317894,1.3925439,-1.0131578
19882,-1.6809123,1.0778421,-1.379386
19893,-1.8925439,0.42214036,-1.7039474
19902,-2.2609649,-0.19736843,-1.9221404
19912,-2.349772,-0.5614035,-2.0592105
19922,-2.1217017,-0.85415787,-2.1107368
19932,-1.9517543,-1.1644737,-2.0109649
19942,-1.7532808,-1.2609649,-1.8179824
19952,-1.5789474,-1.2445087,-1.6304737
19963,-1.4802631,-1.3596492,-1.4802631
19972,-1.5032808,-1.6238947,-1.4177544
19982,-1.6370527,-1.8146842,-1.4331052
19992,-1.7664386,-1.9002105,-1.4846492
20002,-1.7993333,-1.9484562,-1.5087719
20012,-1.7554737,-1.9890351,-1.4254386
20022,-1.6545964,-2.097579,-1.2872807
20032,-1.5328947,-2.198456,-1.2171053
20043,-1.4024035,-2.226965,-1.211614
20052,-1.2741228,-2.1776316,-1.2467017
20062,-1.2083334,-2.0175438,-1.1995614
20073,-1.0460526,-2.0197368,-1.1217017
20082,-0.6995614,-2.330035,-1.088807
20092,-0.4440702,-2.7379298,-0.99122804
20102,-0.5054737,-2.9320176,-0.8596491
20113,-0.78398246,-2.7061403,-0.8146842
20122,-1.0241228,-2.133772,-0.84210527
20132,-1.1118422,-1.4451754,-0.89254385
20143,-1.0076667,-1.2817894,-1.0537193
20152,-0.8717018,-1.5581052,-1.2214912
20162,-0.8201754,-1.6381578,-1.2631578
20173,-0.6831053,-1.6195087,-1.2872807
20182,-0.5065789,-1.4440702,-1.2982457
20192,-0.44078946,-1.0109649,-1.1940702
20202,-0.45284212,-0.6447368,-1.0010877
20212,-0.37061402,-0.627193,-0.80591226
20222,-0.18968421,-0.8804737,-0.6260877
20232,0.024122806,-1.245614,-0.4440702
20243,0.29494736,-1.4901228,-0.28836843
20252,0.63266665,-1.5252105,-0.16556141
20263,0.9802632,-1.4506491,-0.041666668
20272,1.3223684,-1.2445087,0.116228074
20282,1.6524035,-0.94407016,0.29933333
20293,1.9605263,-0.5504386,0.5186316
20302,2.2061403,-0.13815789,0.718193
20312,2.3508773,0.060298245,0.93091226
20323,2.3355262,0.22477193,1.129386
20332,2.0986843,0.7050351,1.1217017
20342,1.5624912,1.4221404,0.89912283
20354,0.33661404,1.5372807,0.49780703
20362,-1.2861755,0.33442104,-0.67433333
20373,-1.8552631,-1.0274035,-2.0438597
20382,-1.6458246,-1.6557018,-2.1721404
20392,-1.0624912,-2.2785087,-1.6633685
20402,-0.33880702,-2.8333333,-1.3114035
20413,-0.06798246,-2.6140351,-1.0416666
20422,-0.12061404,-1.9352982,-0.8552632
20432,-0.012052632,-1.1798246,-0.7434211
20443,0.28070176,-0.58880705,-0.6260877
20452,0.3618421,-0.19845614,-0.58114034
20462,0.08003509,0.32345614,-0.75766665
20473,-0.35307017,1.3421053,-1.0537193
20482,-0.73245615,2.0592105,-1.1480175
20493,-1.1962632,1.3837719,-0.8848596
20502,-1.1765263,0.19187719,-0.3135965
20512,-0.6644737,-0.4385965,-0.1491228
20522,-0.08880702,-0.375,-0.21819298
20533,0.30482456,0.20942105,-0.118421055
20542,0.6798246,0.9802632,0.17214034
20553,1.0767543,1.5624912,0.5899123
20562,1.1831052,1.7817894,0.84538597
20573,0.8947368,1.9210526,0.95614034
20582,0.502193,2.1447368,1.2346492
20592,0.39363158,2.2017543,1.7883685
20603,0.44845614,2.099772,2.5208247
20612,0.42982456,1.7807018,3.1688597
20623,0.70614034,0.97587717,3.3508773
20632,1.4561404,0.048245613,3.0153508
20643,2.2368422,-0.49889475,2.3947368
20652,2.6414385,-0.43421054,1.6545964
20662,2.5624912,0.11292982,0.90898246
20672,2.1491227,0.843193,0.40350878
20682,1.6315789,1.4067894,0.07784211
20692,1.254386,1.6589825,-0.21710527
20703,1.122807,1.6655614,-0.4506491
20712,1.2554737,1.8168772,-0.468193
20722,1.5778421,2.3585439,-0.25547367
20732,1.9517543,2.6907895,0.06468421
20742,2.122807,2.5592105,0.34757894
20752,2.008772,2.3092105,0.66885966
20763,1.6118422,2.095386,0.97257894
20772,1.1984562,1.9703859,1.1545964
20782,0.94845617,1.9835439,1.1995614
20793,0.843193,2.0186317,1.1973684
20802,0.82564914,1.8421053,1.1918772
20813,0.7905614,1.3212632,1.1852982
20822,0.6732456,0.75,1.1864035
20832,0.593193,0.46929824,1.1995614
20843,0.591,0.49670175,1.1710526
20852,0.5997719,0.6622807,1.1129298
20862,0.6304737,0.89912283,1.0602982
20872,0.6151228,1.1107368,1.0372807
20882,0.5504386,1.2587719,1.0328947
20893,0.49122807,1.2554737,1.0405614
20902,0.47368422,1.0460526,1.0394737
20912,0.49342105,0.81798244,1.0405614
20923,0.5405614,0.69078946,1.0219299
20932,0.48464912,0.45942104,1.0065789
20942,0.24231578,0.17433333,1.0175439
20953,0.081140354,0.25,0.8114035
20962,0.13157895,0.6414386,0.44517544
20973,0.19407018,0.7927544,0.20175439
20982,0.12280702,0.747807,0.0877193
20993,0.12280702,0.747807,0.0877193
21002,-0.38047367,1.1896842,-0.1545965
21012,-0.64582455,1.4166666,-0.33442104
21022,-0.8596491,1.3574561,-0.5252105
21033,-1.1304737,1.3026316,-0.69626313
21042,-1.3804737,1.2510877,-0.8629298
21053,-1.834421,0.27631578,-1.3212632
21063,-1.834421,0.27631578,-1.3212632
21072,-2.1195087,-0.3223684,-1.5394737
21082,-2.2510877,-0.6151228,-1.6842105
21093,-2.1776316,-0.90570176,-1.7795964
21102,-2.0833333,-1.2861755,-1.8004386
21113,-1.961614,-1.4221404,-1.6831052
21122,-1.7554737,-1.3311404,-1.5317894
21132,-1.5701754,-1.2620527,-1.4572281
21143,-1.459421,-1.3859649,-1.4890351
21152,-1.4451754,-1.6962632,-1.5778421
21163,-1.4868422,-1.9934211,-1.6677544
21173,-1.4967017,-2.0317895,-1.6765263
21182,-1.4988947,-1.8958246,-1.6008772
21192,-1.495614,-1.8804737,-1.4572281
21203,-1.4945087,-1.9462632,-1.2763158
21212,-1.4057018,-2.1852982,-1.120614
21222,-1.1842105,-2.5614035,-1.0723684
21234,-0.89912283,-2.7971404,-1.1184211
21242,-0.752193,-2.502193,-1.1447369
21252,-0.80921054,-1.6557018,-1.1096492
21263,-0.7752105,-0.9583333,-1.1524035
21272,-0.62938595,-0.9813509,-1.209421
21282,-0.65240353,-1.5197369,-1.1195087
21292,-0.7269649,-2.0646842,-1.0274035
21303,-0.65789473,-2.231351,-1.0657895
21314,-0.57126313,-2.0274036,-1.1315789
21322,-0.6392456,-1.6545964,-1.1370527
21333,-0.7028421,-1.2993333,-1.1414386
21342,-0.5405614,-1.1809123,-1.2280701
21352,-0.2258772,-1.3738947,-1.3508772
21362,-0.18091229,-1.1940702,-1.224772
21373,-0.20503509,-0.997807,-1.0263158
21382,-0.114035085,-0.90789473,-0.80701756
21392,0.00877193,-0.9035088,-0.62938595
21402,0.15570176,-0.93201756,-0.4758772
21413,0.32784212,-1.0405614,-0.28617543
21422,0.5098596,-1.2050351,-0.057017542
21432,0.7434211,-1.2357368,0.13485965
21442,1.0285088,-1.0690702,0.2905614
21453,1.3530701,-0.79714036,0.4550351
21462,1.6644737,-0.42214036,0.63596493
21472,1.8870527,-0.11950877,0.8081053
21483,1.9681929,0.014245614,1.0087719
21492,1.9331052,0.02631579,1.1458246
21502,1.7532808,0.25657895,1.1809123
21513,1.3322281,0.6392456,1.0087719
21522,0.30043858,0.46929824,0.6348596
21532,-1.0295964,-0.32345614,-0.57564914
21543,-1.6425439,-0.9002105,-2.0449474
21552,-1.5942982,-1.2302631,-2.2631578
21562,-1.0032808,-1.5624912,-1.5778421
21572,-0.28617543,-1.8223684,-1.1370527
21583,-0.062491227,-1.7149123,-1.0098597
21592,-0.07345614,-1.338807,-0.8651228
21602,0.049333334,-0.96710527,-0.79385966
21613,0.28178948,-0.7565789,-0.75877196
21622,0.25108773,-0.76096493,-0.7785088
21638,-0.41447368,0.2631579,-1.3552631
21643,-0.41447368,0.2631579,-1.3552631
21652,-0.49342105,1.7576667,-1.474772
21662,-0.39801756,2.0449474,-1.1326667
21672,-0.40459648,1.1721404,-0.42982456
21683,-0.45722806,0.23464912,0.002192983
21692,-0.24889474,-0.41336843,0.26535088
21702,0.19187719,-0.28178948,0.57894737
21712,0.43421054,0.4649123,0.86073685
21722,0.7105263,1.4122807,1.120614
21732,0.9846491,2.1392455,1.3300351
21743,1.0581052,2.4166667,1.4429824
21752,0.92763156,2.3048246,1.586614
21762,0.80701756,2.0460527,1.8629298
21772,0.77082455,1.9078947,2.2061403
21783,0.6831053,1.8311404,2.4342105
21792,0.67433333,1.6326667,2.495614
21803,0.86073685,1.1984562,2.4451754
21812,1.1535088,0.72915787,2.3168771
21822,1.4002105,0.44626316,2.1370525
21832,1.5438596,0.46710527,1.8684211
21842,1.5493333,0.6304737,1.5328947
21852,1.4846492,0.7653509,1.1787193
21862,1.379386,0.7631579,0.80591226
21872,1.2357368,0.69407016,0.41447368
21883,1.0811404,0.86622804,0.050438598
21892,1.0065789,1.502193,-0.17214034
21902,1.252193,2.3881578,-0.18640351
21912,1.7346492,2.7949474,-0.044947367
21923,2.1129298,2.6008773,0.11292982
21933,2.2379298,2.0866141,0.3026316
21942,1.997807,1.502193,0.56798244
21952,1.5559123,1.091,0.80591226
21963,1.0690702,1.1622807,0.9528421
21972,0.7247719,1.4265263,1.0197369
21982,0.56029826,1.4462632,1.0263158
21993,0.5164386,1.2631578,1.0230175
22002,0.5614035,0.9769649,1
22014,0.61950874,0.7379298,1.004386
22022,0.6085439,0.58880705,1
22033,0.593193,0.55921054,0.96380705
22042,0.5964912,0.718193,0.94298244
22052,0.61073685,0.88266665,0.94626313
22062,0.627193,0.96929824,0.97038597
22072,0.6304737,1.0230175,1.0131578
22082,0.6030702,1.0350877,1.0328947
22096,0.5635965,0.90570176,1.0142456
22102,0.5767544,0.67763156,1.0087719
22113,0.5767544,0.5350877,1.0482457
22122,0.466,0.5394737,1.101965
22132,0.29494736,0.40678948,1.0953859
22142,0.19298245,0.38157895,0.93421054
22152,0.23354386,0.65240353,0.6151228
22163,0.3223684,0.70614034,0.3135965
22172,0.216,0.61073685,0.09538596
22183,-0.12061404,0.872807,-0.053719297
22192,-0.43749124,1.3146842,-0.21271929
22202,-0.6480175,1.4879298,-0.40350878
22212,-0.841,1.372807,-0.622807
22222,-1.0624912,1.127193,-0.8168772
22232,-1.336614,0.7850877,-0.93091226
22243,-1.6699474,0.38266668,-1.0679824
22252,-1.7390351,-0.0877193,-1.2214912
22262,-1.7828947,-0.44845614,-1.3201754
22272,-1.9100877,-0.61950874,-1.3848597
22282,-1.8914386,-0.6644737,-1.4714912
22293,-1.754386,-0.7017544,-1.588807
22302,-1.6217017,-0.7368421,-1.629386
22312,-1.5197369,-0.81798244,-1.6030701
22322,-1.4462632,-1.0899123,-1.6195087
22333,-1.4451754,-1.5010877,-1.6885965
22342,-1.5405614,-1.9144737,-1.7664386
22352,-1.7017543,-2.2346492,-1.7850877
22362,-1.872807,-2.4320176,-1.7039474
22372,-1.9791579,-2.5460527,-1.5219299
22382,-2.006579,-2.6732457,-1.2434211
22392,-1.9857368,-2.754386,-0.96929824
22403,-1.9144737,-2.7861755,-0.7763158
22412,-1.849772,-2.6918771,-0.6151228
22422,-1.7423158,-2.5230176,-0.50766665
22432,-1.375,-2.5131578,-0.5197368
22443,-1.0559123,-2.2916667,-0.5153509
22452,-1.0931929,-1.870614,-0.47807017
22462,-1.2642456,-1.4627193,-0.5997719
22473,-1.2861755,-1.0701754,-0.9067895
22482,-1.1578947,-0.98245615,-1.1907895
22492,-1.0921053,-0.9045965,-1.2445087
22503,-1.0361755,-0.6282807,-1.3146842
22512,-0.841,-0.59210527,-1.5679824
22522,-0.6469298,-0.75,-1.8059123
22533,-0.53070176,-0.8015263,-1.8431929
22542,-0.47696492,-0.64254385,-1.6765263
22553,-0.49889475,-0.36622807,-1.3980175
22562,-0.40459648,-0.47257894,-1.2774035
22573,-0.2291579,-0.65898246,-1.1513158
22582,-0.016438596,-0.8278421,-0.9517544
22592,0.23354386,-1.0811404,-0.7554737
22602,0.3991228,-1.4967017,-0.5295965
22612,0.6392456,-1.7609649,-0.33333334
22622,0.9879298,-1.7598597,-0.15021053
22632,1.3530701,-1.5230175,0.07126316
22643,1.713807,-1.0405614,0.3168772
22652,2.075649,-0.40021053,0.51754385
22662,2.3585439,0.13924561,0.6754386
22673,2.452842,0.4100877,0.81578946
22682,2.325649,0.74231577,0.8618421
22692,2.0197368,1.1885965,0.81249124
22703,1.2817894,1.1842105,0.70064914
22712,-0.066877194,0.45614034,0.27192983
22722,-0.96710527,-0.4385965,-0.99889475
22734,-1.1973684,-1.0789474,-1.9232457
22742,-1.1030701,-1.5175439,-1.877193
22753,-0.7642456,-2.2675438,-1.338807
22762,-0.5098596,-2.6118422,-0.9879298
22773,-0.3914386,-2.091,-0.8552632
22783,-0.11731579,-1.341,-0.8552632
22792,0.38266668,-0.69298244,-0.9298246
22802,0.73245615,-0.35964912,-0.90240353
22813,0.5997719,-0.22038597,-0.877193
22822,0.18749122,0.53289473,-1.0833334
22834,-0.1118421,2.0679824,-1.2554737
22842,-0.22477193,2.4824562,-1.1447369
22853,-0.47807017,1.3442982,-0.68421054
22862,-0.90240353,0.13047369,-0.2258772
22872,-1.0065789,-0.7927544,0.012052632
22882,-0.46380702,-1.1458246,0.21052632
22892,0.20064913,-0.55263156,0.35854387
22902,0.6019649,0.36292982,0.5219298
22912,0.94626313,1.2061404,0.78070176
22923,1.1907895,1.6074561,0.9736842
22932,1.1644737,1.6469299,1.0877193
22942,0.9045965,1.7203859,1.3508772
22953,0.5701754,1.9561404,1.8179824
22962,0.1491228,2.3004386,2.4572282
22973,-0.20503509,2.4539473,3.097579
22982,-0.34757894,2.1535087,3.5339825
22992,-0.041666668,1.4002105,3.504386
23002,0.8519649,0.38485965,2.9221404
23012,1.8508772,-0.55921054,2.1633685
23022,2.5427544,-1.1918772,1.4002105
23033,2.8826666,-1.3168772,0.7302632
23042,2.8146842,-0.8684211,0.24670175
23052,2.4385965,0.17982456,-0.06468421
23063,1.9232457,1.5942982,-0.33552632
23072,1.6096492,2.7017543,-0.46380702
23082,1.7620527,3.1907895,-0.34210527
23093,2.2302632,3.0986843,-0.06140351
23102,2.4802632,2.2302632,0.28398246
23113,2.25,1.0405614,0.81249124
23122,1.7817894,0.5899123,1.2039474
23132,1.2861755,0.94298244,1.2620527
23142,0.9144737,1.5504386,1.2335439
23153,0.7149123,1.8760877,1.1677544
23162,0.60415787,1.7631578,1.0712632
23172,0.56249124,1.375,1.0197369
23183,0.60087717,0.968193,1.0087719
23192,0.6436316,0.68749124,1.0087719
23202,0.63377196,0.6063509,1
23213,0.5964912,0.7269649,0.99122804
23222,0.58222806,0.88377196,0.97257894
23232,0.58114034,0.96710527,0.9605263
23243,0.60087717,0.9802632,0.96710527
23252,0.6096491,0.94736844,0.9605263
23262,0.57894737,0.85415787,0.9550351
23272,0.52412283,0.7127193,0.95394737
23282,0.44626316,0.5899123,1.0241228
23292,0.3300351,0.47477192,1.122807
23302,0.1545965,0.30043858,1.1370527
23313,0.076754384,0.4122807,0.9067895
23322,0.114035085,0.7785088,0.4901228
23332,0.13157895,0.8355263,0.2291579
23342,0.121701755,0.61403507,0.091
23352,0.06140351,0.65570176,-0.038368423
23363,-0.060298245,0.9835439,-0.1787193
23372,-0.2631579,1.3026316,-0.31798247
23382,-0.60087717,1.4188596,-0.45942104
23392,-0.94626313,1.4923158,-0.62389475
23402,-1.1436316,1.5241228,-0.8530702
23413,-1.2565789,1.2993333,-1.1282808
23422,-1.4298246,0.72587717,-1.4024035
23433,-1.8070176,0.062491227,-1.5767543
23442,-2.093193,-0.24889474,-1.6721404
23452,-2.0460527,-0.5263158,-1.7445087
23462,-1.9462632,-0.9155614,-1.7324561
23472,-1.9462632,-0.9155614,-1.7324561
23482,-1.8541579,-1.3848597,-1.5372807
23493,-1.7686316,-1.3377193,-1.461614
23502,-1.6907895,-1.3442982,-1.4912281
23512,-1.6918772,-1.4396842,-1.6469299
23523,-1.7258772,-1.5372807,-1.8300351
23533,-1.7576667,-1.6074561,-1.9671053
23542,-1.8278421,-1.6085439,-1.9912281
23552,-1.9166666,-1.6184211,-1.8947369
23562,-1.9506491,-1.7949474,-1.6589825
23572,-1.9155614,-2.1085439,-1.3914386
23583,-1.7971404,-2.383772,-1.2324561
23592,-1.5921053,-2.4780703,-1.1502105
23602,-1.4177544,-2.2346492,-1.0339825
23613,-1.2576667,-1.8377193,-0.8892456
23622,-1.0197369,-1.7532808,-0.87061405
23632,-0.98903507,-1.7642456,-0.86622804
23642,-1.2017543,-1.6578947,-0.8969298
23653,-1.3179824,-1.6809123,-1.0635965
23662,-1.2883685,-1.7861755,-1.2105263
23673,-1.1392456,-1.9484562,-1.4067894
23682,-0.9067895,-2.2488947,-1.7379298
23694,-0.75,-2.2149122,-1.9451754
23702,-0.67763156,-1.6644737,-1.8980175
23712,-0.591,-1.1370527,-1.7017543
23722,-0.5,-1.004386,-1.4287193
23733,-0.41775438,-1.0252105,-1.2181929
23742,-0.27521053,-1.0131578,-1.0668772
23752,-0.07564912,-1.1622807,-0.8782807
23762,0.17433333,-1.3059123,-0.65789473
23772,0.4155614,-1.3190702,-0.45284212
23782,0.6831053,-1.3223684,-0.27192983
23792,0.961614,-1.245614,-0.10745614
23803,1.2346492,-1.0142456,0.05482456
23812,1.5208246,-0.6502105,0.23135088
23822,1.8059123,-0.23903508,0.41336843
23832,2.1140351,0.14363158,0.56578946
23843,2.379386,0.45833334,0.7050351
23852,2.4988947,0.6787193,0.8464912
23862,2.3925438,0.7642456,0.9879298
23872,2,0.95942104,1.1425439
23882,1.3300351,1.2280701,1.1677544
23893,0.29385966,1.4254386,0.78617543
23902,-0.84538597,1.0186316,-0.17214034
23912,-1.6820176,-0.27959648,-1.1984562
23922,-1.6567894,-1.7127193,-1.6622807
23933,-1.002193,-2.9539473,-1.4013158
23942,-0.3508772,-3.3289473,-1.0646842
23952,0.005473684,-2.3092105,-1.0010877
23962,0.049333334,-0.502193,-0.95064914
23972,0.11292982,0.63705266,-0.94736844
23983,0.23573685,0.79605263,-0.87938595
23992,0.16336842,0.7916667,-0.8168772
24002,-0.28289473,1.4177544,-0.8333333
24013,-0.9714912,1.8004386,-0.7686316
24022,-1.3760877,1.4407895,-0.5833333
24032,-1.1173158,0.6469298,-0.24561404
24043,-0.5964912,-0.002192983,-0.09210526
24052,-0.216,-0.32017544,-0.021929825
24063,0.1491228,0.06798246,0.13815789
24072,0.48354387,0.7894737,0.35854387
24082,0.88266665,1.3651228,0.7127193
24093,1.1425439,1.5317894,1.0241228
24102,1.1217017,1.4813509,1.3453859
24112,0.92214036,1.5295964,1.7763158
24125,0.69298244,1.5241228,2.213807
24132,0.5986842,1.341,2.5581052
24142,0.6567895,1.2993333,2.8486843
24153,0.8629298,1.1842105,3.0120525
24162,1.1622807,0.9265263,2.952842
24172,1.4714912,0.56907016,2.6403508
24182,1.726965,0.10745614,2.1776316
24193,1.9298246,-0.3135965,1.7105263
24202,2.0460527,-0.53617543,1.2565789
24213,2.0285087,-0.4396842,0.8399123
24223,1.8815789,-0.03508772,0.48354387
24232,1.6885965,0.6392456,0.13377193
24242,1.5460526,1.474772,-0.21271929
24254,1.5899123,2.3464913,-0.40459648
24262,1.9451754,2.9714913,-0.29166666
24272,2.3673158,3.0460527,0.006578947
24283,2.4824562,2.5789473,0.32017544
24292,2.1458247,1.9078947,0.716
24302,1.5460526,1.459421,1.1008772
24313,1.0109649,1.5822281,1.2817894
24322,0.69736844,1.995614,1.3377193
24332,0.5405614,1.9967017,1.3486842
24342,0.4923158,1.5274035,1.3596492
24352,0.49670175,1.0054737,1.3552631
24362,0.5230175,0.65898246,1.3190702
24372,0.64254385,0.4287193,1.2423158
24382,0.7927544,0.35635087,1.1491228
24392,0.875,0.5745614,1.0657895
24402,0.843193,0.8980175,1.0087719
24412,0.78289473,1.120614,0.997807
24422,0.74122804,1.1896842,1.0307018
24432,0.6951754,1.1282808,1.0701754
24443,0.61403507,0.9396842,1.088807
24452,0.5186316,0.69736844,1.091
24462,0.45942104,0.52740353,1.088807
24472,0.40898246,0.466,1.0570176
24482,0.25547367,0.48135087,0.9802632
24493,0.07345614,0.56578946,0.7642456
24502,0.063596494,0.69078946,0.43421054
24512,0.12719299,0.59429824,0.2631579
24522,0.16228071,0.45284212,0.18091229
24532,0.114035085,0.59757894,0.07126316
24543,-0.007666667,0.9254386,-0.100877196
24553,-0.21929824,1.2401228,-0.26863158
24562,-0.5098596,1.502193,-0.4232456
24572,-0.7302632,1.5822281,-0.59210527
24583,-0.89912283,1.2927544,-0.7883684
24592,-1.1545964,0.9736842,-1.0295964
24603,-1.3760877,0.7379298,-1.3267543
24612,-1.6063509,0.46380702,-1.5712632
24622,-1.9780701,0.29494736,-1.7017543
24633,-2.196263,0.09538596,-1.8037193
24642,-2.2149122,-0.23245615,-1.849772
24652,-2.0668771,-0.7247719,-1.8146842
24662,-1.870614,-1.122807,-1.6852982
24673,-1.726965,-1.2708246,-1.5142456
24682,-1.6370527,-1.351965,-1.4429824
24692,-1.6743333,-1.5427544,-1.5274035
24703,-1.8530701,-1.8157895,-1.6973684
24712,-2.006579,-1.9714912,-1.841
24722,-2.071263,-1.9013158,-1.8837719
24734,-2.1008773,-1.6995614,-1.7861755
24742,-2.0986843,-1.6502105,-1.5602982
24752,-2.0186317,-1.8574561,-1.2445087
24764,-1.974772,-1.9342105,-0.9780702
24774,-1.8399123,-1.9331052,-0.88705266
24782,-1.4550351,-2.2302632,-1.0274035
24795,-0.99122804,-2.5723684,-1.2127193
24802,-0.75438595,-2.323456,-1.2061404
24812,-0.8563509,-1.709421,-1.0602982
24823,-1.0986842,-1.2565789,-0.99231577
24832,-1.2730175,-1.1535088,-1.0493333
24842,-1.1896842,-1.5,-1.247807
24852,-1.0087719,-2.0515263,-1.3848597
24862,-0.9418772,-2.3552632,-1.3596492
24872,-0.93091226,-2.2938597,-1.3914386
24883,-0.8782807,-1.9331052,-1.459421
24892,-0.752193,-1.4155614,-1.4254386
24902,-0.6019649,-1.0098597,-1.3717017
24912,-0.43749124,-0.80591226,-1.2894737
24923,-0.2774035,-0.8333333,-1.1535088
24932,-0.11292982,-0.85415787,-0.968193
24942,0.05482456,-0.9144737,-0.7434211
24953,0.23354386,-0.98903507,-0.5317895
24962,0.41336843,-1.0131578,-0.33880702
24972,0.6469298,-0.99450874,-0.15678947
24982,0.93529826,-0.86731577,0.025210526
24993,1.2817894,-0.63705266,0.21380702
25002,1.6622807,-0.35307017,0.40789473
25012,2.0482457,-0.01754386,0.5635965
25022,2.383772,0.22807017,0.6864035
25033,2.5526316,0.2532807,0.7982456
25042,2.4232457,0.13815789,0.92214036
25052,1.9923158,0.10635088,0.94626313
25062,1.1524035,0.41336843,0.7532807
25073,-0.023017544,0.83442104,0.26205263
25082,-1.0131578,0.9396842,-0.877193
25092,-1.5646842,0.45394737,-1.966
25103,-1.6491228,-0.7872807,-1.9967017
25112,-1.2214912,-2.3914385,-1.3618422
25122,-0.64582455,-2.966,-1.0219299
25133,-0.37608773,-2.450649,-0.8717018
25142,-0.22149123,-1.6852982,-0.7850877
25153,0.083333336,-1.213807,-0.836614
25162,0.53617543,-0.8618421,-0.85087717
25173,0.93529826,-0.4758772,-0.8201754
25182,1.1107368,-0.024122806,-0.79385966
25192,1.0405614,0.68091226,-0.7752105
25202,0.8903509,1.6567894,-0.74561405
25212,0.8114035,2.3135965,-0.63596493
25222,0.25985965,2.1074562,-0.6414386
25233,-0.83442104,1.3618422,-0.72587717
25242,-1.3037193,0.2664386,-0.6545965
25252,-0.7236842,-0.73245615,-0.57126313
25262,0.11073684,-0.8596491,-0.28947368
25272,0.5745614,-0.23792982,0.09210526
25282,0.7795965,0.6447368,0.56249124
25293,0.80701756,1.2708246,0.968193
25302,0.6831053,1.5252105,1.2280701
25312,0.50766665,1.754386,1.5767543
25323,0.38266668,2.0668771,2.0767543
25332,0.42214036,2.4013157,2.6809123
25342,0.5482456,2.4824562,3.3092105
25352,0.60087717,2.1666667,3.8530703
25363,0.62938595,1.5493333,4.116228
25372,1.1129298,0.87389475,3.8552632
25382,2.2554736,0.2642456,3.1567895
25392,3.323456,-0.3015263,2.323456
25403,3.6282806,-0.8760877,1.5668772
25412,3.2752106,-1.1436316,0.9298246
25422,2.4057016,-0.5131579,0.49450877
25433,1.3837719,0.5,0.2741228
25442,0.7730175,1.1940702,0.17763157
25452,0.8004386,1.6217017,0.12938596
25462,1.3991228,2.0054736,0.123894736
25473,2.0504386,2.2214913,0.29494736
25482,2.3245614,1.9155614,0.58880705
25492,2.213807,1.2795964,0.92214036
25503,1.838807,0.8914386,1.2280701
25512,1.2905614,0.875,1.4868422
25522,0.711614,1.0581052,1.591
25533,0.3146842,1.0690702,1.5438596
25542,0.28178948,1.0537193,1.4024035
25553,0.55591226,1.0646842,1.2039474
25562,0.8563509,0.99889475,1.0263158
25574,0.95942104,0.9934211,0.9396842
25582,0.8519649,1.1096492,0.91117543
25592,0.71710527,1.2379298,0.9002105
25603,0.6765263,1.2598597,0.91117543
25612,0.69298244,1.1732457,0.94298244
25622,0.69298244,1.0361755,0.961614
25632,0.6381579,0.8651228,0.9385965
25643,0.56798244,0.6513158,0.90789473
25652,0.4923158,0.40898246,0.93529826
25662,0.37389475,0.31578946,0.9835439
25673,0.25438598,0.40678948,0.88266665
25682,0.21052632,0.57894737,0.6217018
25692,0.19736843,0.58442104,0.36950877
25703,0.18201755,0.45833334,0.22257894
25713,0.1787193,0.46161404,0.1118421
25723,0.15570176,0.7247719,-0.012052632
25732,0.00877193,1.1217017,-0.14363158
25743,-0.2850877,1.4462632,-0.27631578
25752,-0.5548246,1.5471404,-0.468193
25762,-0.7927544,1.4122807,-0.7149123
25772,-1.0592105,1.3146842,-1.0208246
25782,-1.3157895,1.3168772,-1.3870527
25793,-1.502193,1.1842105,-1.6765263
25802,-1.8245614,0.73573685,-1.6885965
25812,-2.1666667,0.38485965,-1.622807
25822,-2.1491227,0.083333336,-1.627193
25832,-2.0899122,-0.37608773,-1.5690702
25842,-2.0537193,-0.86950874,-1.4967017
25853,-1.9671053,-1.2050351,-1.4265263
25862,-1.9155614,-1.2828947,-1.4210526
25872,-1.9166666,-1.2807018,-1.5120527
25882,-1.9254386,-1.379386,-1.6633685
25893,-1.8936316,-1.5559123,-1.8168772
25902,-1.8837719,-1.6469299,-1.9166666
25912,-1.9364035,-1.629386,-1.8914386
25922,-1.9945087,-1.6063509,-1.7127193
25933,-1.9758772,-1.7302631,-1.4374912
25942,-1.9089825,-1.9210526,-1.1600877
25952,-1.8399123,-1.9605263,-0.9232456
25962,-1.7565789,-1.9035088,-0.7510877
25973,-1.6589825,-1.8673158,-0.68091226
25982,-1.5263158,-1.847579,-0.7269649
25992,-1.4364035,-1.7631578,-0.8168772
26003,-1.3903508,-1.5142456,-0.83222806
26012,-1.334421,-1.1238947,-0.8333333
26022,-1.2653508,-1.1469299,-0.98573685
26032,-1.3738947,-1.4945087,-0.99122804
26043,-1.4385965,-2.101965,-1.0493333
26052,-1.4002105,-2.5668771,-1.2752105
26062,-1.4572281,-2.377193,-1.4484562
26073,-1.4934211,-1.7872807,-1.4287193
26082,-1.2872807,-1.4243333,-1.3157895
26093,-0.9813509,-1.3256491,-1.1896842
26102,-0.68091226,-1.1831052,-1.0614035
26112,-0.40898246,-1.0942982,-0.92433333
26122,-0.16117544,-1.2324561,-0.75438595
26132,0.07017544,-1.372807,-0.5701754
26142,0.33661404,-1.3453859,-0.40131578
26153,0.6414386,-1.245614,-0.25547367
26162,0.9769649,-1.0471404,-0.11073684
26172,1.3322281,-0.7642456,0.02959649
26182,1.7061404,-0.47038597,0.16447368
26193,2.1052632,-0.18968421,0.3168772
26202,2.5153508,0.038368423,0.46929824
26212,2.8081052,0.18091229,0.61731577
26223,2.8695087,0.1787193,0.77412283
26232,2.5394738,0.049333334,0.93529826
26242,1.8464912,0.2532807,0.997807
26253,0.9035088,1.2763158,0.8881579
26262,-0.28070176,1.7127193,0.116228074
26272,-1.1787193,1.0942982,-1.5471404
26282,-1.5657895,0.091,-2.3991227
26293,-1.4671053,-1.3081052,-2.0350878
26302,-1.1951754,-2.9473684,-1.4166666
26313,-0.82564914,-3.2379298,-1.1118422
26322,-0.4649123,-2.073456,-0.9747719
26333,-0.104157895,-0.69845617,-0.93091226
26342,0.3059123,-0.048245613,-1.0054737
26353,0.29494736,0.07345614,-1.1129298
26363,-0.19407018,0.74889475,-1.2258772
26373,-0.56249124,1.8059123,-1.3717017
26383,-0.7883684,2.071263,-1.3552631
26392,-0.70394737,2.0219297,-1.1567894
26402,-0.341,1.2149123,-1.1041579
26413,-0.18749122,-0.53289473,-0.9100877
26422,0,-1.6217017,-0.09429824
26432,0.57894737,-1.224772,0.8015263
26442,1.0899123,-0.32017544,1.2949474
26453,1.2379298,0.6184211,1.5252105
26462,1.1063509,1.5833334,1.713807
26472,0.9035088,2.4309123,2.1787193
26483,0.75438595,2.7335439,2.9265263
26492,0.8146842,2.4988947,3.8552632
26502,0.98903507,1.8925439,4.5811405
26513,1.4254386,0.9045965,4.481351
26522,2.1052632,-0.2236842,3.463807
26532,2.5745614,-0.7883684,2.258772
26543,2.6864035,-0.72257894,1.4254386
26552,2.4572282,-0.22477193,0.8684211
26562,2.0581052,0.2850877,0.5032807
26573,1.7050351,0.53617543,0.23573685
26582,1.4802631,0.45833334,0.04385965
26593,1.4528421,0.49780703,-0.07784211
26602,1.6436316,0.8486842,-0.16994737
26612,1.9429824,1.3114035,-0.13157895
26623,1.9429824,1.3114035,-0.13157895
26632,2.1414385,1.7982457,0.057017542
26642,2.125,1.6173158,0.7149123
26652,1.8991228,1.4451754,0.9714912
26663,1.4462632,1.4232457,1.1491228
26672,1.0592105,1.7050351,1.2565789
26682,0.86622804,1.9846492,1.2708246
26692,0.77740353,1.8925439,1.1929824
26703,0.72915787,1.6041579,1.1732457
26712,0.7401228,1.3278421,1.2006491
26722,0.79714036,1.1260877,1.1743333
26732,0.8618421,1.1085439,1.1184211
26742,0.87938595,1.1918772,1.0602982
26752,0.82345617,1.2324561,1.0241228
26763,0.78398246,1.1545964,1.0087719
26772,0.7598596,0.99122804,1.004386
26782,0.7269649,0.7927544,0.97915787
26792,0.70722806,0.6217018,0.92105263
26802,0.6633684,0.50438595,0.8563509
26813,0.5427544,0.29605263,0.81798244
26822,0.35854387,0.22807017,0.78617543
26832,0.25219297,0.6392456,0.56249124
26842,0.26754385,0.94845617,0.2872807
26853,0.3135965,0.7214912,0.17982456
26862,0.32345614,0.49889475,0.16556141
26872,0.216,0.6085439,0.069070175
26882,0.059210528,1.0307018,-0.13266666
26893,-0.07784211,1.4440702,-0.39254385
26902,-0.25219297,1.5317894,-0.6184211
26912,-0.5537193,1.2960526,-0.82894737
26922,-0.89582455,0.9967018,-1.122807
26933,-1.1874912,0.8717018,-1.4736842
26942,-1.3925439,0.88377196,-1.7894737
26952,-1.3925439,0.88377196,-1.7894737
26962,-2.226965,0.8004386,-1.9473684
26973,-2.226965,0.8004386,-1.9473684
26982,-2.2192984,-0.021929825,-2.088807
26992,-2.2192984,-0.021929825,-2.088807
27003,-2.0054736,-1.4517543,-1.7598597
27012,-2.0054736,-1.4517543,-1.7598597
27022,-2.0526316,-1.5592105,-1.4078947
27033,-2.256579,-1.5197369,-1.3157895
27043,-2.4089825,-1.4988947,-1.2828947
27052,-2.4089825,-1.4988947,-1.2828947
27062,-2.4407895,-1.5767543,-1.1918772
27072,-2.4407895,-1.5767543,-1.1918772
27083,-2.4265263,-1.7291579,-0.95064914
27092,-2.4265263,-1.7291579,-0.95064914
27102,-2.379386,-1.5493333,-0.7313509
27113,-2.379386,-1.5493333,-0.7313509
27122,-1.6809123,-1.8738947,-0.72038597
27133,-1.6809123,-1.8738947,-0.72038597
27142,-1.2554737,-1.1567894,-0.70942104
27152,-1.2554737,-1.1567894,-0.70942104
27162,-1.2719299,-0.11731579,-0.966
27173,-1.2719299,-0.11731579,-0.966
27182,-1.1173158,-0.7302632,-1.0504386
27192,-0.89254385,-1.5153508,-1.209421
27202,-0.9331053,-1.8026316,-1.2083334
27213,-1.0339825,-1.5701754,-1.1436316
27222,-0.9364035,-1.4243333,-1.1864035
27233,-0.6787193,-1.4802631,-1.247807
27242,-0.466,-1.4002105,-1.127193
27252,-0.29385966,-1.3826667,-0.94626313
27263,-0.14801754,-1.4572281,-0.747807
27273,0.025210526,-1.5153508,-0.53617543
27283,0.2631579,-1.5208246,-0.30810526
27292,0.55591226,-1.4714912,-0.100877196
27302,0.9177544,-1.2916666,0.07126316
27312,1.351965,-0.96710527,0.20503509
27323,1.8102982,-0.593193,0.30482456
27332,1.8102982,-0.593193,0.30482456
27343,2.5460527,0.060298245,0.44956142
27352,2.491228,0.13157895,0.593193
27363,2.0175438,0.031789474,0.7236842
27372,1.3442982,0.19298245,0.78289473
27382,0.27631578,0.65240353,0.52082455
27392,-1.3124912,1.4024035,-0.41994736
27402,-2.1732457,1.0800351,-1.584421
27412,-2.077842,-0.44517544,-1.8563509
27423,-1.7061404,-2.1885965,-1.3234562
27432,-1.3333334,-3.3607368,-1.0679824
27442,-1.0164386,-3.1852982,-0.8114035
27452,-0.8804737,-2.0285087,-0.6864035
27462,-0.6951754,-1.0010877,-0.78617543
27473,-0.27631578,-0.64582455,-0.9846491
27482,0.24231578,-0.42214036,-1.2807018
27492,0.53289473,0.28070176,-1.5317894
27502,0.6392456,1.5811404,-1.6063509
27512,0.68421054,2.6348596,-1.4078947
27522,0.18310526,2.3629298,-0.8903509
27533,-0.7949474,1.088807,-0.42982456
27542,-1.0800351,-0.7335439,-0.15021053
27552,-1.0800351,-0.7335439,-0.15021053
27562,-0.17763157,-1.7445087,0.48792982
27573,0.3026316,-0.6765263,0.7730175
27582,0.7532807,0.2850877,0.8881579
27592,0.7532807,0.2850877,0.8881579
27602,1.1820176,1.349772,1.2192982
27613,1.2982457,1.6008772,1.5328947
27622,1.5833334,1.5350877,1.752193
27633,1.9692982,1.3574561,1.9342105
27642,2.0526316,1.461614,2.2532806
27652,1.8782808,1.6052631,2.56907
27662,1.8421053,1.472579,2.6557016
27673,2.1008773,1.1896842,2.4945087
27682,2.5076666,0.9385965,2.125
27692,2.7236843,0.8585439,1.6842105
27702,2.5877192,0.8081053,1.1995614
27712,2.2171052,0.65898246,0.6447368
27722,1.8684211,0.49889475,0.057017542
27736,1.6578947,0.58442104,-0.40678948
27742,1.5537193,0.9528421,-0.60087717
27753,1.599772,1.4846492,-0.50766665
27764,2.0855262,1.974772,-0.19407018
27773,2.6951754,2.1381578,0.083333336
27782,2.8640351,1.9122807,0.3399123
27792,2.491228,1.5307018,0.7894737
27803,1.9440702,1.4528421,1.1502105
27812,1.5449474,1.6622807,1.1852982
27822,1.3629298,1.9572281,1.1831052
27833,1.2181929,1.9517543,1.2510877
27842,1.2181929,1.9517543,1.2510877
27852,0.80591226,1.247807,1.4045964
27863,0.6864035,0.9298246,1.4210526
27872,0.6885965,0.70064914,1.3958246
27882,0.78070176,0.6469298,1.3322281
27892,0.8848596,0.70942104,1.2532808
27903,0.9045965,0.8278421,1.1743333
27912,0.8596491,0.9528421,1.1129298
27922,0.81249124,0.99122804,1.0679824
27933,0.78617543,0.8969298,1.0285088
27942,0.7905614,0.70722806,0.99122804
27952,0.79933333,0.5504386,0.9517544
27962,0.72915787,0.41885966,0.9418772
27972,0.5032807,0.26205263,0.94736844
27982,0.2741228,0.38705263,0.75438595
27993,0.2269649,0.84429824,0.39254385
28002,0.24889474,0.8278421,0.23903508
28012,0.30043858,0.47038597,0.20942105
28022,0.30482456,0.57236844,0.096491225
28032,0.23354386,1.1074561,-0.1118421
28042,0.07017544,1.6074561,-0.29275438
28052,-0.14035088,1.8530701,-0.40570176
28063,-0.33880702,1.7401228,-0.5668772
28072,-0.625,1.3399123,-0.7982456
28082,-0.88705266,1.127193,-1.122807
28092,-1.1315789,1.0690702,-1.5241228
28102,-1.5394737,0.8684211,-1.7894737
28112,-2.218193,0.6918772,-1.872807
28123,-2.56907,0.58880705,-2.0252106
28132,-2.4868422,0.34538597,-2.071263
28142,-2.3574562,-0.096491225,-1.997807
28152,-2.2927544,-0.49342105,-1.8717017
28162,-2.2105262,-0.7752105,-1.7401228
28173,-2.073456,-0.92214036,-1.6414386
28182,-2.0383685,-0.9495614,-1.6008772
28192,-2.1414385,-1.002193,-1.6491228
28202,-2.2730176,-1.1940702,-1.7894737
28212,-2.4100878,-1.4857368,-1.8640351
28222,-2.4539473,-1.5964912,-1.7467017
28233,-2.356351,-1.351965,-1.5460526
28242,-2.2258773,-1.0098597,-1.4506491
28252,-2.2258773,-1.0098597,-1.4506491
28262,-1.8223684,-0.9714912,-1.586614
28273,-1.5559123,-1.2324561,-1.5789474
28282,-1.461614,-1.3914386,-1.3925439
28292,-1.4583334,-1.3903508,-1.1721404
28302,-1.3980175,-1.336614,-1.1173158
28312,-1.3651228,-1.1414386,-1.2061404
28322,-1.349772,-0.8552632,-1.2785088
28333,-1.2719299,-1.0197369,-1.3059123
28342,-1.0986842,-1.8717017,-1.4298246
28352,-1.088807,-2.4418771,-1.4265263
28362,-1.2050351,-2.3048246,-1.3333334
28372,-1.222579,-1.8552631,-1.3146842
28382,-1.1052631,-1.4188596,-1.2817894
28392,-0.90570176,-1.2861755,-1.1469299
28403,-0.6600877,-1.4364035,-1.0098597
28412,-0.39254385,-1.6644737,-0.85415787
28422,-0.1787193,-1.716,-0.6995614
28432,0.002192983,-1.7050351,-0.5405614
28443,0.002192983,-1.7050351,-0.5405614
28452,0.4309123,-1.6063509,-0.21380702
28462,0.71380705,-1.4166666,-0.069070175
28472,1.0515263,-1.1140351,0.076754384
28483,1.4364035,-0.75766665,0.21161404
28492,1.851965,-0.40570176,0.341
28502,2.2598596,-0.098684214,0.466
28512,2.5723684,0.12608773,0.57564914
28522,2.6600878,0.20394737,0.66885966
28533,2.3552632,0.12719299,0.80591226
28542,1.6359649,0.051526316,1.0372807
28552,0.7401228,0.48792982,1.1589825
28562,-0.32894737,0.99561405,0.627193
28572,-1.3969299,0.8596491,-0.80263156
28582,-2.0054736,0.100877196,-1.8925439
28592,-1.9890351,-1.4857368,-1.7598597
28602,-1.5800351,-3.2236843,-1.1348597
28612,-1.0964912,-3.4824562,-0.93529826
28623,-0.7149123,-2.5164385,-0.8618421
28632,-0.41336843,-1.2181929,-0.9013158
28642,-0.08003509,-0.19298245,-1.004386
28652,0.25219297,0.20503509,-1.0120527
28662,0.34977192,0.29166666,-0.8760877
28672,0.12061404,0.9813509,-0.8530702
28682,-0.22257894,1.5602982,-0.87389475
28692,-1.0252105,1.5230175,-0.8037193
28702,-1.3826667,0.95614034,-0.6052632
28713,-0.83114034,-0.468193,-0.56029826
28722,-0.08991228,-1.4791579,-0.46380702
28732,0.2982456,-1.2653508,-0.18091229
28742,0.69845617,-0.38047367,0.19407018
28752,1.2390351,0.5964912,0.56029826
28762,1.5416666,1.334421,0.86622804
28772,1.5164386,1.9407895,1.2368422
28782,1.372807,2.4758773,1.8135965
28792,1.3234562,2.705035,2.5372808
28803,1.5219299,2.3223684,3.2214913
28812,1.7993333,1.5307018,3.7642455
28822,1.8585439,0.78617543,4.0712633
28832,1.8870527,0.1491228,3.8695087
28842,2.0438597,-0.25219297,2.823456
28852,2.2598596,-0.3190702,1.4901228
28862,2.5350878,-0.23573685,0.7050351
28873,2.6502106,0.00877193,0.34649122
28882,2.4561403,0.2774035,0.17105263
28892,2.088807,0.44517544,0.07126316
28902,1.7872807,0.68091226,0
28912,1.6940702,1.0361755,-0.17982456
28923,1.7324561,1.3179824,-0.34868422
28932,1.9342105,1.5087719,-0.30482456
28942,2.1973684,1.745614,-0.065789476
28952,2.2357368,1.7839825,0.35307017
28963,2.0361755,1.5197369,0.8399123
28972,1.7061404,1.4024035,1.2445087
28982,1.4298246,1.7379298,1.3190702
28992,1.2861755,2.125,1.1107368
29002,1.1896842,2.101965,0.9331053
29012,1.0131578,1.7390351,0.93091226
29022,0.73903507,1.2214912,1.0471404
29032,0.54714036,0.7894737,1.1041579
29042,0.6184211,0.52740353,1.0646842
29053,0.8081053,0.36622807,1.0570176
29062,0.9517544,0.28836843,1.0833334
29073,1.0350877,0.32345614,1.0931929
29082,1.0548246,0.4265263,1.0690702
29092,0.9901228,0.5219298,1.0339825
29103,0.91117543,0.58442104,1.0142456
29112,0.8552632,0.57126313,1.0054737
29122,0.80263156,0.45833334,1.0032808
29133,0.68201756,0.32345614,1.0274035
29142,0.41117543,0.26205263,1.1063509
29152,0.1545965,0.39363158,1.0482457
29162,0.100877196,0.8245614,0.7017544
29173,0.100877196,0.8245614,0.7017544
29182,0.27301756,0.841,0.17652632
29194,0.3300351,0.6392456,0.06140351
29202,0.27850878,0.86731577,-0.076754384
29212,0.12608773,1.3640351,-0.26535088
29223,-0.058105264,1.7565789,-0.45722806
29232,-0.058105264,1.7565789,-0.45722806
29243,-0.41336843,1.4429824,-0.85415787
29252,-0.41336843,1.4429824,-0.85415787
29262,-1.1567894,0.75877196,-1.5065789
29272,-1.461614,0.72915787,-1.8914386
29282,-1.834421,0.45394737,-2.0383685
29292,-2.466,0.40570176,-2.1326666
29302,-2.8848596,0.58114034,-2.213807
29313,-2.7214913,0.24889474,-2.106351
29322,-2.3421052,-0.36842105,-1.8738947
29332,-2.0581052,-0.97038597,-1.6337719
29342,-1.9528421,-1.4024035,-1.5109649
29352,-2.0208247,-1.4035088,-1.5361755
29362,-2.1557016,-1.1852982,-1.625
29372,-2.2774036,-1.1480175,-1.724772
29382,-2.4254386,-1.3607368,-1.8048246
29393,-2.5208247,-1.4868422,-1.7938596
29402,-2.4692984,-1.4243333,-1.713807
29412,-2.3037193,-1.3541579,-1.5679824
29422,-2.0175438,-1.370614,-1.4045964
29432,-1.7664386,-1.3355263,-1.2642456
29442,-1.5745614,-1.1710526,-1.2083334
29453,-1.3486842,-0.88705266,-1.3322281
29462,-1.1962632,-0.56029826,-1.4364035
29472,-1.213807,-0.5427544,-1.2960526
29482,-1.3322281,-0.81798244,-1.0855263
29492,-1.375,-1.1096492,-0.99561405
29502,-1.2675439,-1.6074561,-1.0394737
29512,-1.375,-1.8859649,-0.9418772
29522,-1.5197369,-2.1381578,-0.961614
29532,-1.5317894,-2.2445087,-1.0789474
29543,-1.4451754,-2.0405614,-1.0899123
29552,-1.2028421,-1.8311404,-1.0197369
29562,-0.90570176,-1.7576667,-0.9780702
29572,-0.60745615,-1.7127193,-0.9122807
29582,-0.32345614,-1.6359649,-0.79385966
29592,-0.1282807,-1.7171053,-0.68201756
29602,0.019736841,-1.745614,-0.5065789
29612,0.27082455,-1.7203859,-0.35526314
29622,0.5745614,-1.6622807,-0.24122807
29632,0.9133684,-1.4078947,-0.16885965
29643,1.2938596,-1.0383685,-0.076754384
29652,1.7039474,-0.58442104,0.01863158
29662,2.101965,-0.10307018,0.1282807
29672,2.4988947,0.3026316,0.25985965
29682,2.7752106,0.56249124,0.4418772
29693,2.7664385,0.51205266,0.6765263
29702,2.4616141,0.30701753,0.9331053
29712,2.4616141,0.30701753,0.9331053
29723,0.3377193,0.6600877,0.97915787
29732,0.3377193,0.6600877,0.97915787
29742,-2.6096492,0.16666667,-1.3673158
29752,-2.343193,-1.5789474,-1.5471404
29763,-1.504386,-2.4298246,-1.0624912
29772,-0.8245614,-2.6195087,-0.752193
29782,-0.4287193,-1.9374912,-0.5482456
29792,-0.2631579,-0.5855263,-0.4364035
29803,-0.104157895,0.25985965,-0.42105263
29813,0.07784211,0.43749124,-0.4758772
29823,-0.14473684,0.6118421,-0.6469298
29832,-0.56249124,1.3300351,-0.9298246
29842,-0.79714036,2.1447368,-1.1392456
29852,-1.2181929,2.1513157,-0.966
29862,-1.0482457,1.754386,-0.5098596
29872,-0.08880702,1.2785088,-0.56578946
29884,0.6348596,0.87061405,-0.6184211
29892,0.7532807,0.5515263,-0.40131578
29902,0.9265263,0.6896842,0.083333336
29913,1.4352982,1.3004386,0.7127193
29922,1.7763158,1.976965,1.1633685
29932,1.6951754,2.4254386,1.5394737
29942,1.5109649,2.5646842,1.9802631
29952,1.4791579,2.351965,2.502193
29962,1.5230175,2.0416667,3.131579
29972,1.4057018,1.8333334,3.6918771
29983,1.1743333,1.3837719,3.7598596
29992,1.2105263,0.5482456,3.1260877
30002,1.3859649,-0.1491228,2.1754386
30012,1.5142456,-0.28178948,1.4024035
30022,1.6096492,-0.059210528,0.877193
30032,1.6644737,0.3914386,0.54605263
30043,1.6776316,0.9045965,0.36292982
30052,1.7214912,1.3026316,0.19736843
30062,1.834421,1.5723684,0.003280702
30072,1.9352982,1.6852982,-0.14582457
30082,1.9857368,1.5635965,-0.2028421
30093,2.0076666,1.4254386,-0.17214034
30102,2.0274036,1.3848597,-0.013157895
30112,2.0274036,1.3848597,-0.013157895
30122,2.1140351,1.0317894,0.62061405
30133,2.1140351,1.0317894,0.62061405
30142,1.7368422,1.4057018,0.8037193
30153,1.216,1.7401228,0.82894737
30162,0.7905614,1.7171053,0.872807
30173,0.5635965,1.3070176,0.9550351
30182,0.46929824,0.6129298,1.091
30193,0.49670175,0.23026316,1.1666666
30202,0.58222806,0.2291579,1.129386
30212,0.7247719,0.21380702,1.0602982
30222,0.8530702,0.19298245,0.98245615
30233,0.86622804,0.34757894,0.93421054
30242,0.79385966,0.63596493,0.8947368
30252,0.752193,0.8717018,0.8684211
30263,0.74889475,0.92105263,0.86622804
30272,0.7313509,0.8684211,0.90789473
30282,0.64582455,0.7335439,0.97587717
30292,0.5427544,0.5,1.0460526
30303,0.48135087,0.21052632,1.1052631
30312,0.4418772,0.10196491,1.1370527
30322,0.3508772,0.10307018,1.0778421
30332,0.2609649,0.18640351,0.836614
30343,0.21929824,0.51205266,0.4473684
30352,0.21929824,0.51205266,0.4473684
30362,0.14254385,0.4418772,0.17105263
30373,0.14254385,0.4418772,0.17105263
30382,0.17105263,0.50877196,0.002192983
30392,0.17105263,0.50877196,0.002192983
30402,-0.23792982,1.5010877,-0.37719297
30413,-0.42982456,1.497807,-0.5537193
30422,-0.68421054,1.1743333,-0.78398246
30432,-1.0405614,0.841,-1.0712632
30443,-1.341,0.6381579,-1.3881578
30452,-1.6480175,0.3059123,-1.597579
30462,-2.122807,0.104157895,-1.6864035
30472,-2.6173158,0.18310526,-1.841
30482,-2.743421,0.114035085,-1.9572281
30492,-2.6458247,-0.11292982,-1.9890351
30502,-2.5295966,-0.40678948,-1.8980175
30513,-2.3245614,-0.6765263,-1.711614
30522,-2.118421,-0.8717018,-1.5668772
30532,-2.1326666,-1.125,-1.5076667
30542,-2.3124912,-1.4418772,-1.463807
30553,-2.4967017,-1.6776316,-1.4374912
30562,-2.593193,-1.7741228,-1.4320176
30572,-2.577842,-1.7993333,-1.4122807
30583,-2.379386,-1.9791579,-1.3673158
30592,-2.0153508,-2.3421052,-1.3530701
30602,-1.7741228,-2.3508773,-1.4013158
30612,-1.7741228,-2.3508773,-1.4013158
30623,-1.8464912,-1.3333334,-1.3059123
30632,-1.8059123,-0.9495614,-1.1348597
30643,-1.6304737,-0.7269649,-1.0427544
30652,-1.4221404,-0.6447368,-1.0471404
30662,-1.3135965,-0.7554737,-1.0800351
30672,-1.2149123,-1.3300351,-1.1436316
30683,-1.1096492,-1.9539474,-1.2050351
30692,-1.0942982,-2.3102982,-1.224772
30702,-1.1238947,-2.3311403,-1.2609649
30712,-1.084421,-2.1611755,-1.3804737
30722,-1.0197369,-1.7017543,-1.3662281
30732,-0.89912283,-1.2565789,-1.2686316
30742,-0.5986842,-1.1776316,-1.2719299
30752,-0.27959648,-1.2192982,-1.2083334
30763,-0.065789476,-1.3048246,-1.0372807
30772,0.13377193,-1.4320176,-0.85745615
30782,0.34538597,-1.3914386,-0.67433333
30792,0.5745614,-1.1677544,-0.4791579
30802,0.8278421,-0.9265263,-0.28947368
30813,1.1710526,-0.57345617,-0.11512281
30822,1.5559123,-0.1491228,0.065789476
30832,1.9473684,0.26535088,0.23464912
30842,2.3355262,0.593193,0.3991228
30853,2.6173158,0.7346491,0.57236844
30862,2.6173158,0.7346491,0.57236844
30872,2.6436317,0.6348596,0.7719298
30883,1.8563509,0.69736844,1.0657895
30893,0.7763158,1.3399123,1.0186316
30902,-1.3333334,1.2850877,0.24231578
30912,-2.5570176,0.4100877,-1.6151228
30922,-2.2905614,-1.0767543,-2.495614
30932,-1.5142456,-2.7083333,-1.9100877
30942,-0.7664386,-3.3782806,-1.0789474
30953,-0.4890351,-2.7510877,-0.8618421
30962,-0.50438595,-1.7028421,-0.76205266
30972,-0.41666666,-0.9133684,-0.72038597
30982,-0.10635088,-0.6469298,-0.74889475
30992,0.3114035,-0.5635965,-0.8245614
31003,0.57126313,-0.48135087,-0.7883684
31012,0.57126313,-0.48135087,-0.7883684
31022,0.33661404,0.72915787,-0.6151228
31033,0.22038597,1.2379298,-0.41666666
31042,-0.25,1.2280701,-0.2850877
31052,-0.87061405,1.120614,-0.2609649
31062,-0.9177544,0.40459648,-0.24670175
31073,-0.37719297,-0.591,-0.19298245
31082,0.28836843,-0.7280702,-0.014245614
31093,0.66885966,-0.13266666,0.15350877
31102,1.0964912,0.8464912,0.3651228
31112,1.0964912,0.8464912,0.3651228
31122,1.6666666,2.2445087,0.9232456
31133,1.6326667,2.4013157,1.2554737
31142,1.5164386,2.3914385,1.6337719
31152,1.4440702,2.243421,2.0844212
31163,1.3530701,2.0482457,2.6787193
31172,1.1962632,1.8431929,3.2883685
31182,0.9835439,1.3947369,3.6348596
31192,0.88705266,0.5482456,3.4736843
31202,1.1140351,-0.40789473,2.7653508
31212,1.5010877,-0.95064914,1.8684211
31222,1.8914386,-1.0372807,1.1425439
31232,2.1557016,-0.61731577,0.5778421
31242,2.1754386,0.18091229,0.16447368
31252,2.0175438,0.9331053,-0.091
31263,1.8453859,1.476965,-0.25108773
31272,1.8453859,1.476965,-0.25108773
31282,1.8092105,1.7379298,-0.42982456
31293,1.9495614,1.4791579,-0.3618421
31302,2.0438597,1.1907895,-0.14035088
31312,2.0570176,0.9385965,0.2258772
31323,1.997807,0.99231577,0.6918772
31332,1.7708246,1.3015263,1.0526316
31342,1.4078947,1.5734562,1.1469299
31353,1.0076667,1.5964912,1.097579
31363,0.6896842,1.338807,0.99889475
31372,0.56029826,1.0986842,0.9879298
31383,0.5032807,0.9396842,1.0646842
31392,0.53617543,0.8114035,1.0712632
31402,0.68749124,0.7510877,0.99122804
31412,0.836614,0.7565789,0.9155614
31423,0.9254386,0.82564914,0.8914386
31432,0.94078946,0.9177544,0.8804737
31442,0.9232456,0.97257894,0.8892456
31453,0.87389475,0.97915787,0.9122807
31462,0.8278421,0.9813509,0.93201756
31472,0.8278421,0.9813509,0.93201756
31483,0.70942104,0.8684211,0.92433333
31492,0.70942104,0.8684211,0.92433333
31502,0.46710527,0.4364035,0.9934211
31512,0.46710527,0.4364035,0.9934211
31523,0.23026316,0.65898246,0.64912283
31532,0.30701753,1.002193,0.30921054
31542,0.31578946,0.85745615,0.14692983
31553,0.31798247,0.6414386,0.098684214
31562,0.32894737,0.73573685,0.0372807
31572,0.28070176,1.0438596,-0.078947365
31583,0.1414386,1.3585439,-0.19298245
31592,-0.024122806,1.5416666,-0.32017544
31602,-0.1995614,1.4352982,-0.49342105
31613,-0.41885966,1.1633685,-0.69626313
31622,-0.64254385,0.877193,-0.9528421
31632,-0.64254385,0.877193,-0.9528421
31642,-1.252193,0.6436316,-1.4758772
31652,-1.252193,0.6436316,-1.4758772
31662,-2.2280703,0.6765263,-1.7971404
31672,-2.2280703,0.6765263,-1.7971404
31683,-2.4857368,0.43529823,-1.8947369
31693,-2.4692984,-0.19078948,-1.8421053
31702,-2.3969297,-0.718193,-1.7324561
31713,-2.2192984,-1.0559123,-1.5942982
31722,-2.0570176,-1.2127193,-1.5317894
31732,-2.0866141,-1.3048246,-1.5537193
31742,-2.2039473,-1.2807018,-1.5679824
31753,-2.2598596,-1.2412281,-1.5701754
31762,-2.220386,-1.2587719,-1.5482457
31772,-2.1578948,-1.4364035,-1.4714912
31783,-2.0537193,-1.722579,-1.3673158
31792,-1.8782808,-2.0142455,-1.2763158
31802,-1.7587719,-2.1282806,-1.2072281
31813,-1.6973684,-1.995614,-1.1085439
31822,-1.713807,-1.7258772,-0.96710527
31833,-1.713807,-1.7258772,-0.96710527
31842,-1.6699474,-1.2609649,-0.89254385
31852,-1.2532808,-0.20394737,-1.2379298
31862,-1.1184211,-0.57564914,-1.1842105
31872,-1.1567894,-1.4681929,-0.9879298
31882,-1.3640351,-1.961614,-0.82126313
31892,-1.4078947,-2.2488947,-0.90240353
31902,-1.211614,-2.5855262,-1.1151228
31912,-1.0953859,-2.3179824,-1.1831052
31922,-1.0307018,-1.5570176,-1.1491228
31932,-0.9254386,-1.1085439,-1.120614
31942,-0.72915787,-1.1436316,-1.0745614
31952,-0.5131579,-1.1907895,-0.94078946
31963,-0.2872807,-1.2609649,-0.7730175
31972,-0.076754384,-1.4045964,-0.5646842
31982,0.13705263,-1.4835439,-0.36950877
31992,0.4122807,-1.4089825,-0.2258772
32002,0.75877196,-1.224772,-0.11073684
32012,1.1557018,-1.0263158,0.015350877
32022,1.5515263,-0.8201754,0.13157895
32033,1.9210526,-0.5964912,0.23135088
32042,2.220386,-0.3859649,0.343193
32052,2.368421,-0.2741228,0.502193
32062,2.1831052,-0.23684211,0.7247719
32072,1.6282808,-0.2872807,1.0745614
32083,0.77740353,-0.4418772,1.4879298
32092,-0.44298247,-0.64254385,1.4243333
32102,-2.0098596,-0.3267544,0.50438595
32113,-3.0438597,-0.593193,-1.0482457
32122,-3.0844212,-2.321263,-2.3596492
32132,-2.4100878,-4.2817893,-2.5471404
32142,-1.2401228,-5.3508773,-1.7795964
32153,-1.2401228,-5.3508773,-1.7795964
32162,-0.19736843,-4.2686315,-1.2554737
32172,-0.8037193,-2.601965,-1.1842105
32183,-1.1787193,-1.2664386,-1.222579
32192,-0.6655614,-0.07236842,-1.466
32203,0.00877193,0.6381579,-1.6359649
32212,0.62389475,-0.38705263,-1.5164386
32222,1.1074561,-1.8431929,-0.9846491
32233,1.002193,-2.479158,-0.4649123
32242,0.38266668,-3.252193,-0.010964912
32253,0.13485965,-4.082228,0.35196492
32263,0.21271929,-3.8969297,0.61950874
32272,0.09977193,-3.0164385,0.5350877
32282,0.012052632,-2.5526316,0.55921054
32293,0.16008772,-2.8881578,0.71710527
32302,0.40131578,-3.220386,0.7916667
32312,0.56249124,-3.2631578,0.79385966
32322,0.67763156,-3.2467017,0.7565789
32333,0.79933333,-3.2741227,0.65240353
32342,0.88266665,-3.323456,0.5405614
32353,0.93201756,-3.4232457,0.37389475
32363,0.96710527,-3.5317895,0.086614035
32372,0.96710527,-3.5317895,0.086614035
32382,1.0109649,-3.3782806,-0.5295965
32392,1.0109649,-3.3782806,-0.5295965
32403,0.88596493,-3.0394738,-0.7050351
32413,0.83222806,-3.2763157,-0.72257894
32422,0.8245614,-3.588807,-0.5986842
32433,0.8245614,-3.588807,-0.5986842
32443,0.70614034,-4.240123,-0.16885965
32453,0.70614034,-4.240123,-0.16885965
32462,0.343193,-4.663368,0.08222807
32472,0.13924561,-4.6535087,-0.005473684
32482,-0.031789474,-4.5274034,-0.16008772
32492,-0.1282807,-4.377193,-0.3135965
32502,-0.15898246,-4.292754,-0.4100877
32513,-0.15570176,-4.299333,-0.41885966
32522,-0.16556141,-4.4035087,-0.37389475
32532,-0.20614035,-4.5855265,-0.33552632
32542,-0.30701753,-4.827842,-0.2642456
32552,-0.43421054,-5.140351,-0.13705263
32562,-0.53617543,-5.476965,0.004385965
32572,-0.57564914,-5.7214913,0.14035088
32583,-0.56907016,-5.7708244,0.2850877
32592,-0.5504386,-5.595386,0.39254385
32602,-0.49450877,-5.2061405,0.44845614
32612,-0.3673158,-4.5701756,0.5515263
32622,-0.21929824,-3.8311403,0.69736844
32632,-0.11731579,-3.1436317,0.6096491
32642,-0.014245614,-2.491228,0.24889474
32653,0.24450877,-2.0427544,-0.007666667
32662,0.5701754,-2.0032806,0.012052632
32672,0.78289473,-2.2883685,0.1414386
32682,0.8464912,-2.8399122,0.25547367
32692,0.8464912,-2.8399122,0.25547367
32703,0.4517544,-3.9232457,0.18640351
32712,0.4517544,-3.9232457,0.18640351
32722,-0.82236844,-2.8267543,1.0295964
32732,-0.82236844,-2.8267543,1.0295964
32743,-0.9155614,-0.85415787,0.8464912
32752,-0.9155614,-0.85415787,0.8464912
32762,0.16447368,-1.0295964,0.021929825
32773,0.35196492,-1.2401228,0.012052632
32782,0.28070176,-1.1809123,-0.002192983
32793,0.1524035,-1.0800351,-0.07784211
32802,0.09757895,-1.213807,-0.1118421
32812,0.09757895,-1.213807,-0.1118421
32823,0.11073684,-1.4352982,-0.10635088
32832,0.18859649,-1.6238947,-0.059210528
32843,0.41666666,-1.6940702,0.024122806
32853,0.4901228,-1.4605263,0.024122806
32862,0.4901228,-1.4605263,0.024122806
32873,0.4901228,-1.4605263,0.024122806
32884,0.5405614,-0.7894737,-0.014245614
32892,0.54933333,-0.49670175,-0.012052632
32904,0.40350878,-0.30482456,0.11731579
32912,0.40350878,-0.30482456,0.11731579
32922,0.20833333,-0.20503509,0.24012281
32933,0.20833333,-0.20503509,0.24012281
32942,0.121701755,-0.050438598,0.18859649
32954,0.114035085,-0.024122806,0.11073684
32962,0.125,-0.053719297,0.05482456
32972,0.1545965,-0.13047369,0.042754386
32982,0.19298245,-0.25657895,0.08552632
32992,0.23354386,-0.38377193,0.16775438
33003,0.2642456,-0.45722806,0.2642456
33012,0.26973686,-0.49450877,0.36842105
33022,0.27301756,-0.5065789,0.47368422
33032,0.2774035,-0.4868421,0.55921054
33042,0.28398246,-0.42543858,0.6282807
33052,0.3015263,-0.34538597,0.68529826
33063,0.341,-0.28836843,0.7346491
33072,0.37061402,-0.25766668,0.78289473
33082,0.38157895,-0.24561404,0.82894737
33101,0.38157895,-0.24561404,0.82894737
33102,0.38157895,-0.24561404,0.82894737
33112,0.34429824,-0.12061404,0.89582455
33122,0.3190702,0.2269649,0.8914386
33132,0.341,0.39035088,0.8760877
33142,0.35854387,0.5065789,0.8464912
33152,0.35635087,0.57894737,0.8146842
33162,0.3135965,0.61950874,0.78398246
33172,0.24450877,0.65898246,0.7532807
33182,0.20064913,0.6995614,0.7236842
33192,0.19845614,0.7368421,0.66885966
33203,0.18859649,0.77412283,0.5855263
33212,0.18859649,0.77412283,0.5855263
33222,-0.005473684,0.81029826,0.3015263
33232,-0.005473684,0.81029826,0.3015263
33243,-0.29605263,0.5745614,-0.023017544
33252,-0.29605263,0.5745614,-0.023017544
33262,-0.8596491,0.2291579,-0.40789473
33273,-0.8596491,0.2291579,-0.40789473
33282,-1.3980175,0.100877196,-0.8278421
33293,-1.3980175,0.100877196,-0.8278421
33302,-1.7467017,-0.29933333,-1.1545964
33313,-1.7467017,-0.29933333,-1.1545964
33322,-1.9780701,-0.41775438,-1.4210526
33333,-1.9780701,-0.41775438,-1.4210526
33342,-1.7192982,-0.19407018,-1.5065789
33353,-1.7192982,-0.19407018,-1.5065789
33362,-1.3081052,-0.32126316,-1.5778421
33372,-1.3081052,-0.32126316,-1.5778421
33383,-1.3925439,-0.968193,-1.4517543
33392,-1.3925439,-0.968193,-1.4517543
33402,-1.6600877,-1.2061404,-1.3333334
33417,-1.6600877,-1.2061404,-1.3333334
33422,-1.6600877,-1.2061404,-1.3333334
33433,-1.1348597,-1.716,-1.7741228
33442,-0.67763156,-1.9111755,-2.1074562
33452,-0.48573685,-1.711614,-2.2324562
33462,-0.8651228,-2.4945087,-1.6403508
33472,-1.1885965,-3.6995614,-1
33482,-1.4276316,-4.3508773,-0.35964912
33493,-1.6907895,-3.729158,-0.13705263