13.014911317938209,6.3253724276257834,10.279203544843687,2.8437885637871543,-0.5764782099514725,-0.13732323006049624,1.48,0.017672037433170622,7411.423235704444,ID001
12.496405957458114,6.950271679798535,10.052040101758761,2.2886369427356996,-0.8807453486456449,-0.10591067456140763,1.485,0.018805406994620494,7112.470213088171,ID001
12.734763114962446,6.942613709209146,9.870034616531504,2.0109726862857555,-0.17376140050950362,0.17215097800907572,0.99,0.07773996195004367,5780.535379359358,ID001
12.300900792212763,7.175081022196304,10.094239047309221,1.7932639340340195,-0.6437955356067082,-0.17485360639524508,0.245,0.01991724054510709,7105.915255489532,ID001
11.530969915759346,6.980891102418926,10.053463389568181,1.252172990676935,0.28110858062464894,-0.9035548562543883,0.215,0.018645439331704445,6542.06190595943,ID001
14.499522908345591,5.204792480340779,10.52309689062462,5.4479694431748245,-0.0829475512406459,-0.20520928301165986,0.195,0.013448718363537499,8434.938665366866,ID002
14.182359464393505,6.902211203133748,10.973030850017071,5.245406931071268,-1.1886925261551122,-0.16785052188307445,0.8700000000000001,0.02080048815154012,8959.042550370545,ID002
14.638267657779664,6.898428582810949,11.586245537719075,6.637344965073587,-1.2868294407119683,-0.34050506628299726,0.295,0.02015265787568921,8844.138640462737,ID002
13.748560302941385,6.952990487011452,10.555746089516681,3.6263244353622035,-0.8602517012094189,0.019245758571474005,1.08,0.030548653149533384,6523.261637467069,ID002
14.828396841385343,6.950111253050126,11.460397164277403,6.368461831386217,-1.2892004138531192,-0.21438474852482653,0.295,0.019894261204061462,8829.056607910212,ID002
13.679606069703885,6.4041354893155775,10.975917209675565,5.032340693403431,-1.1000111797179957,-0.36365502525193183,0.99,0.024489009280897485,8132.630225364957,ID002
15.292033699875313,6.393898746820346,11.475879666737777,6.89950991504133,-1.068424916641877,-0.17415750033964195,0.225,0.014713543300773303,9969.64385858732,ID002
13.60366809654711,7.020777184737528,10.742700192623872,4.312466915922145,-1.2710620898378002,-0.12316815892584766,0.9450000000000001,0.022420423508966322,8298.393129393695,ID002
14.112482811870452,7.227999088006403,10.98499459100963,4.930839917860468,-1.3108952355352983,-0.07556415256498135,0.87,0.02019488730645451,9008.163570818906,ID002
14.79125739876383,7.221413321607556,11.498231690124266,6.36367110442201,-1.3693164651353056,-0.19918228497554208,0.35000000000000003,0.02366262654784515,8131.173876424445,ID002
14.393005939066219,5.794650969080384,10.887071835575174,6.858749590516552,-1.062333418503924,-0.2931408148167983,0.9099999999999999,0.022233020770973208,8605.446900823998,ID002
14.527004510085547,5.793584594117352,10.958712298463192,6.416348572858557,-0.8598105995856802,-0.3004820123190214,0.23500000000000001,0.016176769260094086,8814.49460656256,ID002
14.120509023309305,5.848230535046802,10.693899431522894,6.149021427517142,-0.9869375849892927,-0.28165536389641954,0.94,0.023724357206032852,8178.849205435221,ID002
15.631083457762792,5.839840902297142,11.511480497805154,8.242916665914596,-0.8647136130630857,-0.2607185562390508,0.23,0.01471427112659783,9944.375573063933,ID002
14.972028044199728,6.439494669198895,11.430114506575658,6.9507940797218986,-1.1226968663505015,-0.26163280120802507,0.915,0.018033629058329205,10146.587324680859,ID002
14.676365430630902,6.4288301231661675,11.059124262047442,5.673548139650753,-0.8965655792844398,-0.1488565279461472,0.215,0.014649403560862253,9117.760952003578,ID002
14.220496538049375,7.318320576451899,11.020363518016548,4.588292016925681,-1.2179834210955556,-0.004278467961544036,0.94,0.023557545905914756,8201.368779440316,ID002
14.61626383882276,6.6000861152213455,11.184530518191874,6.351333164196857,-1.2145241073997484,-0.1917736683746646,0.81,0.018130488264458143,9763.61918225413,ID002
13.178420334495305,6.58641758828434,10.274579642503669,2.7429609379043973,-0.19719926093788276,-0.31833335521436623,0.195,0.014796917616110317,7174.9489269240075,ID002
14.376000079473211,6.038173818092579,11.199211450683947,6.441000827509153,-0.8613133524700909,-0.502492072829551,0.8600000000000001,0.020868113407174736,9569.928169225313,ID002
13.91199733874558,6.037278447224306,10.611150707796476,4.511211244111697,-0.5286732026040801,-0.2184039895149236,0.225,0.01617309107538169,8318.825616576703,ID002
14.47146320256004,6.5099351061085855,10.941248198850813,6.244506269854406,-1.1774746972765253,-0.15412940597196073,0.8300000000000001,0.0190029160251986,9384.741855532142,ID002
16.587822016949406,5.666371889401235,11.953518788446864,13.451823637083484,-1.4006208567390672,-0.23708537052683723,0.27,0.016277001267804448,10693.191707681233,ID002
14.378465884591867,6.274442753340772,10.663012164790157,6.627581536444085,-1.32307447337838,-0.10965377969259153,1.0350000000000001,0.02677615283091992,6987.666114660669,ID002
15.399519896175956,6.265532650099111,11.430915928729206,8.402532406526042,-1.2053749389736832,-0.21741134424067174,0.33,0.0214292394973915,8169.659877811775,ID002
14.848172617915534,5.524336288597212,11.01808426027955,7.321090951677389,-0.9319699564388184,-0.2498118603111142,0.96,0.023571924236501427,8144.204780106632,ID002
15.302645676482488,5.510484500388859,11.42579602353314,8.67900311878607,-0.969447348542452,-0.3664457346515163,0.24,0.01568356250768051,9648.119123019591,ID002
17.731435255305602,3.817703208746219,10.949653389179511,11.442981753289022,-0.26710568767107246,-0.023966887654872454,0.2,0.011279402773678797,11537.319073267006,ID003
16.613867725687502,4.683447436458949,10.86783050199514,9.149945551640885,-0.6778453460496023,0.04088190678972536,0.20500000000000002,0.01233908945134068,10994.231466451476,ID003
17.81473619143736,3.9387926375117277,10.991790254189324,11.366460163662083,-0.539991308330674,0.18613234932483644,1.2750000000000001,0.010384661215972434,12050.141047402862,ID003
18.09267564586813,3.918195278253052,11.06357558443721,11.577297616537239,-0.26368264027517085,0.16907011625383117,0.19,0.010501487105550957,12433.108347789414,ID003
17.632063936418113,4.201682934140208,10.785609465941715,11.100136020646875,-0.5282309126094376,0.15897486513740897,1.285,0.010775822994128603,11467.760509018792,ID003
20.302527038065865,3.5506338643487925,10.985265515274554,15.930121776531212,-0.017377049015920853,0.5383923149941168,0.19,0.009358440929238161,13933.068558320412,ID003
18.94111908617898,2.8355095430261166,11.066659232337404,16.513988985726897,-0.7150773838716624,0.12165698513916559,1.31,0.01055903820096547,12872.781617818931,ID003
12.854146513949045,7.416188467762061,10.037998360966935,3.7420555536435667,-1.503306188642801,0.08363408279964157,0.6000000000000001,0.015559181605948266,7350.9960749016955,ID004
11.535270677856523,7.410158010111874,9.221794644570798,1.2837270453915168,-0.46875059733270286,0.6228539819682801,0.53,0.04594603930858814,4807.268462459261,ID004
12.175754204356098,7.659607457673081,9.93074194927152,2.4095706895149336,-1.4891250752831346,0.06424502288400745,0.18,0.014783478458821197,7001.697775694478,ID004
12.46648026630348,7.39556163347283,9.633090060321042,1.8932730946214587,-0.4241594455110542,0.5866796905426324,1.28,0.04331615568025273,5145.506551590646,ID004
12.256147900601777,7.38114006753673,9.81047253345892,2.7641772041718338,-1.4701040935435077,0.0868071085254326,0.17500000000000002,0.014278548318710116,6899.824032820329,ID004
12.374505140320537,7.360278024558865,9.69674305115736,2.0723859666209434,-0.8922580575133203,0.41442764911780233,1.135,0.03798131680179864,5078.448886734028,ID004
12.137067950963868,7.349439893784182,9.734803497248311,2.6121679274817784,-1.4670566557212108,0.11799037016809805,0.165,0.013594716670173746,6789.508122520203,ID004
12.17226515257298,7.588265689573197,9.565534854765257,1.9072004339988222,-0.9020307655133242,0.5035495366897282,1.105,0.03696928996858722,4945.60286806743,ID004
11.901411364922918,7.42174828128264,9.65607051606181,2.10020602592655,-1.357669879099266,0.15106989548485134,0.195,0.016384611372624626,6670.5277316631455,ID004
11.577651082703738,7.71797376189808,9.401155087723145,1.3483215530574475,-0.9837330987575825,0.5247408168551698,1.07,0.03714052159011703,4961.523538913015,ID004
12.401376180523103,7.564179305475945,9.929607212573881,2.904520313325068,-1.5063208741437182,0.07465696749680599,0.645,0.016933604540584297,7168.705527243193,ID004
13.149549805117978,7.2435426498226825,9.77471376709493,3.133162246402756,-0.8784285846886593,0.5882047676933864,1.12,0.034601945066051465,4882.131011643526,ID004
13.312405471724759,7.231032286607105,10.214975070815395,4.57493097080146,-1.5080729078174706,0.08116368423502716,0.21,0.015774759899406243,7939.449733098134,ID004
12.126517772555552,6.8510505819328325,9.252755963763498,2.4168697300179387,-0.9567147327379217,0.49815745627469554,1.025,0.03381020072620537,4659.509074915798,ID004
12.566690154567985,6.842925521321402,9.73770600260307,3.551911568490899,-1.413415715991744,0.10913135716707335,0.2,0.0159150896170779,7079.376652621455,ID004
12.214077498802997,7.258038799874579,9.533127721293294,2.303019287229995,-1.13849021859507,0.3407648242031567,1.08,0.03561464220630914,4916.9306650511935,ID004
13.108238283643333,7.245478084504783,10.1591440099053,3.7212788887928596,-1.3983963393894607,0.1447554856023805,0.19,0.014494701415146307,7678.96897617115,ID004
11.836236574728302,6.678759017568488,9.267092256322993,1.908629932891293,-0.6844815821699632,0.3778349267440029,1.11,0.03759640973636207,4805.098234636471,ID004
13.180195301609638,6.675544725906663,9.986296393672372,4.7999715735265465,-1.4701029332207927,0.07497499027875093,0.20500000000000002,0.015553639024981997,7711.0960982532115,ID004
11.524995792432607,7.389886022201356,9.090501453801734,1.9077244843928498,-1.1901593579782903,0.44650899262616345,1.005,0.03427333138458582,4539.755813141512,ID004
12.48216423590177,7.384033171050321,9.556191535454674,2.4177155099351157,-0.9782802919079696,0.633273163291554,0.195,0.01562229083952702,7099.546689739632,ID004
11.851581114756064,7.560406274527199,9.600365276584105,1.7624402902844165,-1.1419824315726792,0.29947004818320505,0.895,0.02826627069892819,5859.378971105239,ID004
11.66470028706043,6.995088989950958,9.876281440917161,2.760925930059585,-1.483067258956184,-0.33978006762768176,0.905,0.024004045805669096,6307.999666444703,ID004
12.295948019478748,7.294716633096484,9.397704082580557,2.2823542922296642,-0.8400451182272262,0.4963837343671477,0.47000000000000003,0.03822397421129667,4669.6466141960045,ID004
12.263470857518294,7.468878412662903,9.635449183903633,1.9068005781416355,-0.8469938235620886,0.5551091466931869,0.17500000000000002,0.014270022086994547,6937.372678421805,ID004
12.644235717459456,7.0984308855097895,9.811868639710205,2.4802639268943487,-0.9054307162919479,0.4285025742120095,0.92,0.028866908855234286,5658.782647612079,ID004
15.132754409947498,6.139398878862758,11.119300684853984,4.238616297169928,-0.18910741246602836,-0.13480729860841129,1.07,0.07070755072167409,7347.949698392962,ID005
19.887247319688292,6.7952422365756995,12.130779766318629,10.503526802791827,-0.002215385930156799,0.7191353822313352,1.5450000000000002,0.013576539561244412,14001.969604611979,ID005
14.61975996827889,7.2806472542169685,11.05435874150958,3.402680711230517,-0.7261682785459875,-0.012758691321994052,1.055,0.07216260747707746,7904.251252689581,ID005
14.486602094246578,7.147183458437905,11.178733666526597,3.2659355206389162,-0.5778870906841558,-0.20434751574118412,2.335,0.0735162043570569,8045.533957985918,ID005
15.069672399764897,5.922897130605281,11.071777583302604,5.72199013877311,-0.9676901935587701,0.14064282091082453,2.34,0.07067174200924335,9705.984731576404,ID005
16.071130907332282,6.490757328866632,11.445484400327429,5.54118327811712,-0.5370077821352792,0.042595679482056344,2.3899999999999997,0.06751236152926739,8621.914783048149,ID005
17.066926288022938,6.474720087328255,12.096850629587367,7.456885605838893,-0.7803804778219621,-0.06222210467375728,0.36,0.021093429122772817,9518.101515854192,ID005
15.1893245079533,6.890607354260851,11.299786562221076,4.350672902415048,-0.5756691091485284,-0.07716023307867163,2.325,0.06978585515405719,8762.970365033068,ID005
13.977526375084333,6.880776309596703,10.985788443756274,3.0542281916325096,-0.4648304081560153,-0.28981558252341594,0.215,0.015381834684515329,8626.904981555144,ID005
21.631849740317417,5.619998322669615,12.527164936440315,14.577699114538486,0.07993535902895355,0.6599013164941628,1.3499999999999999,0.008783345034330477,17340.039112185088,ID006
18.15360114706925,5.699285415860911,12.01107771624547,8.823210665928091,-0.5396097786186815,0.1609594135262469,1.325,0.009915388056713999,12746.59222733326,ID006
18.97606159171457,5.238134910453726,11.757509920478665,9.97340526169345,-0.16770558125989066,0.35918264741766426,0.19,0.010012615056169445,12975.161311755186,ID006
16.528205393462734,6.041994302340013,11.859279766456993,5.458820064880102,0.3689765200020534,-0.5260735752190687,0.18,0.010890474538221428,10397.157266960627,ID006
17.63020964162375,5.801654208339128,11.942777222713657,7.392597749204712,-0.08062179252429402,-0.14431498890913483,1.33,0.0104933522493815,11756.714500096457,ID006
22.057770565880407,5.79653145624158,12.89954492698316,14.913806550132286,0.2670271225592771,0.7269235438822601,0.20500000000000002,0.009293776965705677,18327.695107275573,ID006
18.547900780661262,5.990123280583038,11.999157427911847,9.55469723883231,-0.5453442774237609,0.21365195715667626,1.3250000000000002,0.00997417455418394,13081.615627410356,ID006
21.764709913808808,4.744591946419973,12.277467433138572,13.958047615213507,0.6351572301917328,0.739202156327018,1.36,0.008499998425553337,16724.603924271934,ID006
19.131462096545707,4.724883609696808,12.004431614093008,11.197477279875349,-0.28609098721521287,0.1163268169361443,0.185,0.009669935265083727,13532.611489980693,ID006
15.008654611415478,5.472789424753245,11.477957027550548,6.504273789407561,-0.43519779948313264,-0.522575342019461,2.085,0.06163110711445458,9456.956489977316,ID006
19.859312249173186,5.4518879332406085,12.019263814229536,12.719688617073562,-0.39008172418715104,0.2879388690077098,0.195,0.009819071151777603,14676.695981266952,ID006
15.617338864183374,5.449087301164898,11.29719457409201,6.695589291848628,-0.6673056149449819,-0.2848948654267917,0.195,0.012486122104144822,9647.878339359879,ID006
17.38938732244562,5.734681243972831,11.852947651973572,7.339437001656647,-0.06043240964057617,-0.28931643270638835,1.36,0.010638672689819748,11531.888445677116,ID006
16.744889371272922,6.096688610951426,12.081026480237002,8.329393884145379,-0.9607074027996982,-0.21683305761062882,0.2,0.011943942749667525,11606.257558390947,ID007
17.483428206925474,6.679116781928157,12.46726266791798,9.831875395552192,-1.1592572750250407,-0.12772795755514532,1.315,0.0120113742862407,12746.108815556096,ID007
18.08297962028456,6.2078452366381285,12.356393613209525,10.784825082325831,-1.0889865097172207,-0.028886251807962122,1.31,0.011889633484894491,13356.206422293468,ID007
18.52343783523016,6.187157128983188,12.500151615947091,10.863129532834204,-0.9538729483585038,-0.0037473264717478184,0.21,0.011336988407227307,13595.440475277264,ID007
20.46495596021397,6.098511353065769,13.101806396159933,13.795909023085603,-0.6972629248048876,0.205008367367674,1.3150000000000002,0.010505764117840401,16692.880194894486,ID007
19.832329136208166,6.068842070851297,12.637915230344843,12.878984288257735,-0.84857834170678,0.21354752806213997,0.195,0.00983243060664951,15273.964853984799,ID007
17.87480165031642,6.767971753355193,12.407907034569227,9.171671804137826,-1.0265519709495978,-0.006619028591356083,1.31,0.011748382114006986,13395.512539409427,ID007
17.978735859275744,6.63687699402837,12.674281586042097,8.877092512533805,-0.7949589184685952,-0.15962670215010386,1.3,0.011124252648542823,13261.420123618756,ID007
19.57447631228639,5.8750789678425654,12.77799581099757,12.607760511399205,-0.8558213507748311,0.08175970441936611,1.29,0.009706517659465655,14988.139372568265,ID007
17.25000013503281,5.864659453046825,12.109124647849656,8.903774304467216,-0.9116975548957833,-0.10545717165035676,0.19,0.011014492667401862,11849.296947373292,ID007
17.782014583279555,6.505351769916747,12.608098828719458,10.794621043078173,-1.196092098643056,-0.1574994190073241,0.195,0.010966136546944389,13136.878963521733,ID007
19.980494247686714,6.410422170441417,13.045793096444742,13.382207367806846,-0.9728817559566347,0.11900541545636734,1.27,0.00950927427743674,15550.539287045247,ID007
19.160330239525255,6.043217034359107,12.968577637482102,11.886704009377103,-0.8252063458846122,-0.10520395675455307,1.295,0.010960145121444591,15012.239999646634,ID007
17.13719329014001,6.02344505122566,12.128192273427432,7.9125134806578545,-0.652981400358529,-0.22160077289153912,0.2,0.01167052250703569,11756.926726375557,ID007
18.825827483133928,6.515278086870214,12.55618823363421,10.47244223866552,-0.8866479271740464,0.1156912140070969,1.295,0.01009251785453899,13592.904642107886,ID007
17.625397060908774,6.086867960719721,12.159179772035595,9.83222378094799,-0.9167325609380375,-0.09870264284985623,1.2850000000000001,0.011063580543810212,12352.272324012336,ID007
19.204668273979824,5.117163507238693,12.12949743796785,14.058239809700213,-0.8726946488864273,0.014929504771665835,0.2,0.010414134581589083,14377.321940244687,ID008
16.407293116395593,4.48381181307337,11.578671162797297,10.923405886560522,-0.8026259964649971,-0.24171483204870564,0.86,0.05241571500545774,10349.135958871135,ID008
16.411101874138044,4.9558612124768695,11.456055186600876,9.653555286904087,-0.8768308481211462,-0.11123524093479928,0.195,0.011882200323629515,10500.0145420436,ID008
16.84300536902289,4.893987331939716,11.442397741775574,10.132702090253618,-0.8087009572538597,-0.12138830518480417,1.34,0.011280647119512403,10770.262858796186,ID008
16.25677551628217,5.290053561867288,11.527309961864932,9.092784467641653,-0.8523347140617115,-0.1417681982276451,2.0300000000000002,0.05474640399066899,9703.485504731692,ID008
17.178028103571435,5.2091211973986695,11.505116769575773,9.831106643558698,-0.8058971441993599,-0.04382393354577094,1.335,0.011060640886976872,11195.778715960392,ID008
17.965487085881897,5.186695850928274,11.729989186898322,10.744174798696186,-0.7810924554187473,0.006505906332746281,0.2,0.011132456306022963,12194.059877944212,ID008
17.791913160291948,5.396693864239769,11.794961649417663,10.737961030943081,-0.9231167586823172,-0.020183607184265342,1.335,0.01124106205994534,12266.225281196283,ID008
17.092627419544996,5.201038643747181,11.554481141469712,10.157404673662398,-0.9273936547124655,-0.06696384539279329,1.3250000000000002,0.011408427459023785,11243.68897604002,ID008
18.062291668968154,5.178692299995634,11.79631386245744,11.400030639773835,-0.857013062413694,-0.011442541605518353,0.20500000000000002,0.011349611874123339,12422.6222141494,ID008
17.430795144084243,5.293298668132499,11.626539354498718,10.025021370055724,-0.8409941104028467,-0.05525000910332581,1.35,0.01147394587262286,11681.310096007383,ID008
16.892814567183986,5.282123240155677,11.605730583190654,9.174770558875728,-0.7500048384004439,-0.1516848424951915,0.195,0.011543369473717386,11071.058139099327,ID008
16.581046882783603,5.300036655650113,11.481758098074954,8.830428112695383,-0.7914449914463311,-0.2011466025510417,0.2,0.01206196456797089,10819.359041102543,ID008
18.423612494564146,5.203558541909835,11.734515126529272,11.284097315974195,-0.6557642540056405,0.07535574064775313,1.34,0.010584243457005753,12780.070713576299,ID008
17.325645127727316,5.0135452971433905,11.558094995602362,10.045837574379812,-0.794867006202709,-0.11731913921650709,1.34,0.011832171240303523,11710.930850396659,ID008
14.224268404763222,7.556888640303156,11.681571804223443,4.123243182375153,-0.8968181877874057,-0.45902086388490776,0.7050000000000001,0.016169548651302226,10357.963564910917,ID009
14.750594417020386,7.550490916822532,11.719756194236407,4.38857491629838,-1.0416009190992788,-0.10983459519584468,0.2,0.013558775622575889,10282.220646426162,ID009
15.089954832073746,7.9862230111531325,11.942516934232406,5.021052287526915,-1.3153808628646342,-0.08616936249850801,0.79,0.01689865893156928,10621.943860837988,ID009
15.044704170897111,7.976655616129098,11.784595194332102,5.020264111997289,-1.355224626087282,0.02357355254489825,0.21,0.013958400086472273,10453.50693791124,ID009
15.19128741244907,6.8398825595606,11.83019102364807,6.278429306870184,-1.1351021259962741,-0.21092147678337167,0.8700000000000001,0.020077297711453758,9712.58859182714,ID009
17.263226554227103,6.8293611419730675,12.607165406641212,11.055588618793616,-1.3359252928197982,-0.09014487038922295,0.21,0.012164585765027746,12521.595161783333,ID009
15.874198515215038,6.859675808995995,12.106009119526108,7.954809203015359,-1.3119434788499167,-0.15924579834795316,0.865,0.01952854499727167,10162.85626811128,ID009
16.62507497009618,6.841369005191657,12.755880857449363,9.152581077611934,-1.1330335619246568,-0.33757437576441324,0.245,0.014736775650075919,12075.382044643096,ID009
17.068611194011357,5.889586804787562,12.508889846918963,11.68369746610337,-1.1150868561464977,-0.25589260710776723,0.76,0.015232639436489294,12577.818772107446,ID009
17.06560293249078,5.873896949172887,12.227279340498288,11.745696299146136,-1.114867172567558,-0.17851321362141787,0.22,0.012891428499203356,11490.61277886979,ID009
15.91144565718099,6.449823181288844,12.015364401607899,8.023703149196416,-1.1452587663397402,-0.16831039467296927,0.845,0.018854352172871677,10305.824731420033,ID009
20.15546066947027,6.426243325616959,13.414503519389203,20.976257955065638,-1.4391437521527708,0.08200214646842839,0.2,0.009922869205512257,15435.090341319401,ID009
19.33369665448598,7.735523691125709,13.985823654088016,15.900604753920504,-1.4556654070156174,-0.14108473108854344,0.74,0.013965254799699785,14791.817470646394,ID009
18.00146529267586,6.974759598599056,12.949731456479691,13.723369720854766,-1.4726379568821275,-0.07107200296625185,0.755,0.014165513520932666,13195.578094143142,ID009
17.09849710477464,6.945384416862003,12.721228292680033,10.095114738067313,-1.2535836478326183,-0.14075579031969088,0.23500000000000001,0.013743897990565372,12537.001033213332,ID009
15.496898500041523,7.25572978440166,12.073551346712962,6.824693669394446,-1.2578907212656285,-0.21182820669621832,0.8200000000000001,0.017422841092962993,10913.85338013428,ID009
16.104791637457758,7.25221006093971,12.088862236061322,7.474895036878141,-1.2705703215672204,-0.007145622102820837,0.22,0.01366053066394893,11299.184004245073,ID009
15.529756687117391,6.840053508634481,11.974634976687307,6.9863923050292325,-1.1851812032941127,-0.20322983735806108,0.8350000000000001,0.017707940023820496,10467.587889392531,ID009
15.905783800284441,6.832283711311525,12.09182281422111,7.988674494598032,-1.2526310667160183,-0.18801914663966696,0.22,0.01383144664622348,11187.057230477842,ID009
15.999168809394194,8.436975194539624,12.204285433981967,6.197055782166606,-1.4144665319556864,0.13122931786713873,0.8300000000000001,0.01625084422181585,10854.43062213998,ID009
14.326327608922469,8.419223103084907,11.56206049266306,3.6371420950093247,-1.383849168904296,-0.001784008393036852,0.2,0.013960311774207897,9776.101595514228,ID009
17.712912366047934,7.0066898533076944,12.751605379670664,11.639584730136068,-1.384156344545217,0.04563888455610196,0.805,0.015807677146119872,12266.559111733653,ID009
15.234149406025105,6.9794377838903605,12.1605628981756,5.5408209567549305,-0.4509959848889209,-0.6096748900923044,0.18,0.011815559582789046,10513.041511003184,ID009
14.891658022165556,8.300945916842288,11.794658593872787,4.611284588533738,-1.40744329972846,-0.0022505128986302445,0.8200000000000001,0.018802473141891436,9948.488144070341,ID009
13.568157707166518,8.29305075091266,11.345210197300064,3.0871992427200943,-1.3546875630481547,-0.22797734121257102,0.255,0.018794003246683403,8654.856704682154,ID009
18.274229919830912,6.773112722992052,13.289355914162762,13.372980114265813,-1.2902377603976303,-0.14168752997939793,0.77,0.013954076375239098,14260.698630508126,ID009
14.403046554082975,6.767476088879444,11.291864386035023,4.8058921536951456,-0.8608340752696195,-0.2880713406812666,0.245,0.017010290085506072,9081.593018382826,ID009
18.445181764107716,6.6333540722351625,13.276796887587356,14.537354702172038,-1.3612874548381684,-0.12299895241826633,0.725,0.012469381052538857,14757.491962672766,ID009
16.382980419341845,6.6068605085929795,11.88135193759696,8.908252985259313,-1.214131832674893,0.04670296430704543,0.215,0.013123375264867539,11218.87703248265,ID009
18.30052279990678,7.164066807536366,13.292791971898488,13.203589528826232,-1.423651635527063,-0.051974710037609166,0.74,0.013387595681214528,14070.516673261913,ID009
16.416403954221334,7.159258802130504,12.193037022141473,8.547590263472967,-1.3392922176612363,-0.004462707800561699,0.195,0.011878362675758687,11408.6328827771,ID009
17.694050330174225,6.957197063914566,12.89205765173505,11.978296686865965,-1.442743250278296,-0.020783972925651338,0.8300000000000001,0.015541947426872286,12144.925200437274,ID009
16.723239417265475,6.93473598084463,12.401515111260876,8.400307879823202,-1.0713330543058524,-0.043120515450499296,0.20500000000000002,0.012258390547728036,11891.521682043562,ID009
17.917597036324057,7.701572142023633,13.653478206273485,10.590217736937431,-1.3320885091218118,-0.1890474291144333,0.74,0.0131155980081251,14608.50480008592,ID009
19.71822669943555,7.674498596219004,13.885333725917087,15.970620110751067,-1.418026968101578,0.03091324746145241,0.24,0.012171479903254696,15285.2428721869,ID009
18.572608343069707,6.94681311512317,13.757258508445032,14.602840764208091,-1.368904606053558,-0.24306198942350438,0.72,0.012383828687467239,15339.302282355933,ID009
19.763209236992708,6.941140843462799,13.753653248095121,16.874111113904096,-1.3541005483156645,-0.009964829878623252,0.265,0.013408753447996387,14712.847672316664,ID009
17.69353725669309,6.565176048408666,12.8668094929384,13.259493271939869,-1.3926014050211517,-0.16620297676801957,0.705,0.01186874037414771,13764.233805932377,ID009
16.93257076053679,6.55340629591042,12.850181229948724,9.53642836200363,-0.9744580380818415,-0.36734555173907435,0.225,0.01328799998428987,12332.03672834269,ID009
16.64932726619333,6.794799772216809,12.897843068747497,9.407156208527045,-1.1455693522054098,-0.3670960703654596,0.76,0.015015621712693954,12943.612534135582,ID009
17.20453951638793,6.765474733320505,12.409926944134243,10.446199661351597,-1.2572001753743884,-0.006540308551110543,0.22,0.012787322775505981,12198.837226577709,ID009
17.123898033749676,6.653435187175775,12.882513497235163,10.919581029291374,-1.3240661283920185,-0.20854750925694954,0.81,0.016351417150939875,12164.402425216846,ID009
19.46561882654035,6.624743508915122,13.293897013607388,17.16706164202713,-1.3611358961180975,0.0706862804056865,0.19,0.009760799371091401,14361.866162664477,ID009
16.59647020821279,4.348865161024046,10.420543524989345,9.302363446785142,-0.6878821439252492,0.11298106140964277,0.195,0.011749486339782296,10171.509763389236,ID010
17.789710030293815,4.590870734008275,10.808617097563538,10.6981874934112,-0.33612433408547737,0.28416285557233334,1.3650000000000002,0.012085638250082768,12097.176043019372,ID010
16.830833652597132,4.491591720613512,10.36934522875739,9.710598466214176,-0.7016047758987045,0.1805226474548238,1.3250000000000002,0.011585878871181758,10214.476182263983,ID010
16.101403439852472,4.16758138289342,10.683040900562998,9.24359387087566,-0.7269281533555958,-0.18987941033774056,1.33,0.012731809420575472,10057.765683949741,ID010
16.522826887177068,4.1360229531964805,10.584835577275301,10.485019318519086,-0.9543203722022149,-0.002256676871238019,0.195,0.011801854569530978,9897.453650151338,ID010
16.28341853817852,4.1923274224423706,10.504909039141271,10.307557907472647,-0.9760354440039682,0.003660594597690426,1.3150000000000002,0.011975372342287832,9872.135384777155,ID010
17.69511853120043,3.9770441206769154,10.998882334222824,12.543005884166568,-0.7805677598496881,-0.05486628891964541,1.3250000000000002,0.011019988346287235,11637.444262517347,ID010
17.65102909774725,3.9024356368092485,10.497745980728821,11.52713740238314,-0.46032455715199605,0.2330720793711456,0.2,0.01133078410853254,11430.397027422594,ID010
15.852253912271156,4.194692843920166,10.094395659597064,8.230745397232829,-0.5338140820402657,-0.014653635619419786,1.34,0.011985677308191606,9141.438174296942,ID010
16.324090167793937,4.211526080915888,10.396353332786031,8.527932644285448,-0.4673736013014951,0.023513251072145497,0.19,0.011639239801238913,10006.652294018852,ID010
16.368007220008273,4.279970858756268,10.44451831157599,9.382990609657273,-0.7761687221955653,0.00219739565264005,1.31,0.01191348448097162,10101.308142269712,ID010
17.000190386188557,4.270042392349271,10.675317218550559,10.335418511404326,-0.7675991612914159,0.03143085763176194,0.185,0.010882231069029634,10278.416314058792,ID010
16.449891320480198,4.267451050454628,10.399255013592011,8.78870306244402,-0.499257903612234,0.047882770192781865,1.3250000000000002,0.01124627490819189,10013.85339528133,ID010
17.948181224513533,4.117770182716468,10.298002577099204,10.688636754249828,-0.09036530969540468,0.42162114563775593,1.355,0.01058603084197183,11045.407355962514,ID010
16.586464781099185,4.110133693144781,10.40743890921611,9.379898875214197,-0.6973051736276008,0.05801400215250049,0.185,0.011153672735061272,9832.324796838457,ID010
18.09381833977859,4.66801674963401,10.547471530981651,10.469550796460759,-0.17143118294063786,0.4664095217230909,0.185,0.010224486425470755,11438.304761425677,ID010
17.68395736688157,4.372022841974856,10.804391713560687,11.093979079367056,-0.6244121407172432,0.16608806342118995,1.34,0.011026943571193801,11732.277693122898,ID010
14.015014298358972,4.198127964153807,9.455751248968134,6.747437786934168,-0.9263881018304119,-0.09259196302770076,0.23500000000000001,0.016767731733781842,7422.163729330733,ID011
13.564182871453177,4.942139362975577,9.545934793039587,4.883135241802045,-0.5332103622455913,-0.17344493650087464,0.23500000000000001,0.0173250392026618,7250.176662719402,ID011
13.463405735068342,4.973449441404657,9.507436845199805,5.168367304402477,-0.8237961687827395,-0.09467925176624892,1.33,0.01634059051098509,7303.946676520723,ID011
12.689502288613255,4.421437966117197,9.565249204300867,4.758743451567339,-0.4420319741889678,-0.47727310150885477,2.045,0.07250087348386776,6591.774861355657,ID011
14.561687082577262,4.22872576125756,9.766336798700051,8.090624445197195,-1.0340844074579187,-0.12151000696102017,1.28,0.014421405899544455,7952.543061374798,ID011
15.223153222915911,3.6127310150087864,9.580428785502395,8.815408362282087,-0.8078570099898079,0.0019250702316327948,0.2,0.013137882610215961,8116.1148335682865,ID011
13.054750630214851,3.914152322114544,9.539212410154061,5.820643028012918,-0.4201426683149503,-0.5157014026876416,1.3350000000000002,0.01646910048993112,6799.794789662765,ID011
13.939222598416867,4.222521297324966,9.523623250680377,6.696531392919108,-1.00490126136912,-0.11425064610378308,1.355,0.01721760294058707,7553.500637372431,ID011
14.905140057916478,4.468218092618538,9.874178891319835,6.918914852618984,-0.6357645703000316,0.07057301855337826,0.23500000000000001,0.01576637314958915,8691.917767081362,ID011
20.636849231717132,5.367138241173204,13.332444120673662,18.350670901706156,-1.0207903543396242,0.23861981698416712,0.89,0.043126738486422796,15019.791685695816,ID012
22.393509195052445,5.756732363321788,13.709491095385449,20.122932158552185,-1.035453656576356,0.3010059678332448,0.185,0.008261322438953576,18055.762467545614,ID012
21.907434553384874,6.2004289735530325,13.922553771052415,15.678496864171688,-0.6832202556494313,0.23004156409942325,0.18,0.008216388804511506,17611.517098918408,ID012
20.03426977174188,5.739460140801516,13.363878428481202,16.414308463349133,-1.097143400596107,0.15372857821691954,0.185,0.009234177342512404,15088.886029084264,ID012
20.31732593033375,5.947344216151849,13.441850105969017,14.741840028423535,-0.9208382673350304,0.22876445371408588,0.19,0.009351624355069785,15402.922851066749,ID012
22.968198615428346,6.00080955394348,13.740449141488446,17.31148300458886,-0.35735563032142537,0.4590726880008916,1.295,0.00827230742738231,19458.32571589049,ID012
22.05861311315425,5.8128369917682905,14.065497525545897,16.96798041177875,-0.6476533912616258,0.004482448176793895,1.32,0.009066753153249407,17946.927068285873,ID012
21.52045335371429,5.445418634505109,14.12008257008664,18.838626396973076,-0.9547772402004489,0.07872408707963881,0.19,0.008828810289315175,16799.404381877066,ID012
21.00724900250575,5.440285988555262,13.478227495310428,17.678488951125797,-0.992180008785112,0.3043413287575083,1.29,0.00856847081588501,16078.884580575961,ID012
19.816882949442714,5.401189706994228,13.186919769728336,15.9587061744288,-1.126857209424187,0.10905154208507654,0.185,0.009335474225284381,14378.300687555027,ID012
21.32927171248279,5.940065038399796,13.776733107461427,17.35827644040731,-1.046581523493696,0.1919172645146633,1.2750000000000001,0.008673526339473193,17031.842448611395,ID012
19.766094495141274,6.019294516103892,13.28208003128174,13.406038830768098,-0.925261867579001,-0.07367326602775996,0.195,0.009865378314766894,15131.288179032701,ID013
18.7491504008519,5.85987240535765,12.857139225245076,11.241515718875306,-0.7975927915120593,-0.15384995282516603,1.19,0.01013379251527936,14028.824680776765,ID013
22.555022777861655,5.85217473397157,13.734244818430716,19.01955716378785,-0.6176414853407843,0.32194815042118247,0.195,0.008645524410261186,19525.023774571506,ID013
20.04806184074292,5.946941186792781,12.965772269994094,14.271503384404255,-0.9990962178940364,0.10965700017957368,1.1900000000000002,0.009227824687972154,15752.204421708395,ID013
20.533888473637194,5.920357783170496,13.157142098955367,15.382239328177308,-0.9323350872327434,0.07876969601199471,0.185,0.009009496678503714,15813.093167657671,ID013
20.169410627439948,5.897070878867665,13.27454922845616,13.360610029727944,-0.6869224517512653,0.0178071966654426,0.19,0.00942020585081004,15955.89289732706,ID013
20.593532485497338,5.741240704980638,13.356699058484416,14.586731113886431,-0.7898320576764415,0.033346468174330464,1.21,0.009226197600329347,16650.302501733244,ID013
18.89606120100839,5.793071086696701,12.851264530001588,11.405338784457959,-0.8926028099215677,-0.059091551832252356,1.1900000000000002,0.009261189310217788,13725.067562296874,ID013
19.73465016615653,5.47842797480093,13.014714801690847,13.125331278068547,-0.6009678767941629,-0.1282006172797381,1.195,0.009627735906149276,15170.571695536062,ID013
19.879040381132814,5.448502653533998,12.966806756388317,13.674849780651279,-0.7085524781064265,-0.03584973009326694,0.19,0.009557805425071167,15074.14956652108,ID013
19.52625823004815,5.819443274632829,13.07073698699976,12.77251171850633,-0.9246470681173098,-0.002518584695123399,0.185,0.009474421459576478,14566.744056598349,ID013
19.21111882668811,5.8195282264294175,12.869858864561296,11.090207729301511,-0.575776983906509,-0.030132175097170037,1.185,0.009629839972828536,14351.149299463012,ID013
18.31468817789812,5.349319011367674,12.512100687466322,11.960279056352126,-0.9071912118163428,-0.18259407830221916,1.185,0.010101182078723847,12854.82115531674,ID013
18.575845576688916,5.315384240184558,12.789152510378582,12.646987862902817,-0.9453624200450843,-0.2480973474763209,0.195,0.010497503286994815,13392.232583444353,ID013
18.057181977023497,5.915475321790026,12.676242327696997,10.812701076142188,-1.0079315801065643,-0.14910490040526686,0.195,0.010799027237368704,13116.36118598398,ID013
19.337489527518496,6.178321084906849,13.322155776944443,15.015174366525788,-1.2447442578394978,-0.13293773596928707,1.275,0.013186820328311932,14634.806131259644,ID013
18.815029077809008,6.167163075868229,13.462017300154098,12.554460921548412,-0.99268278861999,-0.1520703283554675,0.185,0.009832565192163023,14373.13969455239,ID013
18.082492565039242,5.873417745330613,12.844607995213124,11.18197095707696,-0.9945197543242865,-0.2357202556066108,1.2000000000000002,0.01078391152650126,13553.009874717578,ID013
17.15275611136683,5.262506505654693,12.28957864311723,10.462749769441611,-0.8247579839906374,-0.29437074011708075,1.215,0.011368435412591037,11777.857491185803,ID013
18.8167270509156,5.578293787018984,12.88921073852224,13.32062132592428,-1.1019862820223514,-0.10269498242355077,1.2100000000000002,0.010363119976835268,14474.386185611538,ID013
11.830291430448893,8.726538104010078,10.560398623476415,1.0238740335954253,-1.3094134214619941,-0.3090435303689284,0.835,0.025358631422033925,7571.790287300448,ID014
13.825577889644538,8.625997069025678,11.085741154085804,3.4244848667940064,-1.5012593278444502,0.132760143900298,0.67,0.016274184109767064,8856.121630242218,ID014
14.664109764138878,7.837862139963916,11.022577691978798,4.083609079106712,-0.9466525026695511,0.38303461052873844,1.045,0.02898232533960832,6440.945723760424,ID014
14.62938099818202,7.81741967782579,11.33215380708999,5.1345425817543475,-1.4287035113746196,0.049797186253689806,0.2,0.013671118417440481,9448.100166501465,ID014
14.222595482369307,7.849494653528195,10.686644242722751,3.619417040644536,-0.9985481208293017,0.6133942556099006,1.04,0.029530474976992963,5963.847603109546,ID014
13.152732063935376,8.099184023371677,10.612190100755827,2.0248024165941305,-0.7692460130192527,0.16166884678931764,0.445,0.033833274930018864,6302.166443222515,ID014
12.789960386788643,8.419819740392466,10.432019199593169,1.6330471080965812,-0.8294898573598544,0.3746957804125403,0.445,0.03479291464105406,6056.881775065489,ID014
14.750267242645887,8.088678528635667,11.450369376891915,5.21087516702618,-1.4811152115238322,0.05777835485020001,0.645,0.014576007096223535,9819.806583813568,ID014
12.804310191186296,8.07695568468763,10.48801503775366,1.867013988558604,-0.9318144016434622,0.10305894622900437,0.42,0.03280145464525706,6189.089000152338,ID014
14.472260024329287,8.648692462416852,10.740667153881239,3.3732753301977976,-0.6817202095459773,0.896215695894829,1.08,0.030402991603268384,5826.787138078677,ID014
15.496861402597931,8.058174408381742,11.739527047348236,6.9111384942286715,-1.495381476220509,0.036662407427329305,0.645,0.013873777045199416,10478.477675040811,ID014
13.053738493258098,8.04396683080843,10.58047930063247,2.015927840304608,-0.8000484962222973,0.08190022381906285,0.44,0.03370681894901204,6285.7281746574545,ID014
14.543507409954746,8.362622734458853,11.332995733736134,4.846784571244558,-1.4983334550797438,0.08407589909684805,0.20500000000000002,0.014095636920409002,9516.074376460641,ID014
13.871979468447316,8.598162727496483,11.196509695957172,3.4399814724184608,-1.5065510166665765,0.0700806682681703,0.66,0.015859308363338032,9085.370051524935,ID014
13.55431293195689,8.250481886519305,10.584283697538664,2.2948450274261765,-0.6873187416929976,0.6125841140586679,1.105,0.033568650973613744,6106.858900590529,ID014
14.403552524267424,8.24316742870669,11.286631054564142,4.760912367851691,-1.50366197171224,0.041991212914842646,0.20500000000000002,0.014232599884966677,9381.338947303773,ID014
14.704122355482538,7.864090797964086,11.264183871628273,5.489886389359052,-1.4763177105604857,0.09043641073835786,0.2,0.013601627840469416,9434.342225584505,ID014
13.938325791558414,8.55143250431903,11.171811918889459,3.5928811144669965,-1.4892040262199333,0.07846681494525501,0.655,0.01542509503761293,9106.042168810505,ID014
14.278287749334622,8.659172731484754,11.379273502806036,3.9015649987861436,-1.4938985914626128,0.10080978807789517,0.63,0.014007281791146152,9507.42208769395,ID014
13.994132344169374,8.189729996688078,10.69421313581602,2.8682811769515344,-0.7708247560083605,0.6804243508363147,1.08,0.031441749240232464,6048.4980095167775,ID014
14.542001079403619,8.178789978483943,11.286322157527728,4.8761146821454275,-1.4869315437787207,0.10714574990181168,0.2,0.013753265379911676,9470.552780308055,ID014
13.353635513089824,8.535283616505119,10.56707473593664,2.2230158284118646,-0.9460034365620751,0.5831765846531066,0.41500000000000004,0.031077679152856814,6063.982084296172,ID014
14.904034298072844,8.043551820801,11.329012818770659,5.89842850342296,-1.4895186338221529,0.10154931478350065,0.215,0.014425624344396499,9732.597966233505,ID014
17.453324073118647,8.625438425919466,12.02183083894948,9.973313010448557,-1.3088602185061895,0.498276407825731,0.865,0.01862109467734918,8997.039922105194,ID014
15.143803263839773,8.270941390832583,11.516891575289346,5.8795879250550085,-1.484654594294983,0.1445728499620105,0.6900000000000001,0.01551789837108692,9918.45411173165,ID014
15.15524507525976,7.712710659696514,11.446636367777371,6.468574204933258,-1.4778011054111093,0.07742850654260519,0.21,0.013856588854693964,9919.66985820038,ID014
14.353526375892159,8.365196405443774,11.259062137483632,4.409056765946074,-1.4976673949449955,0.11719034874068089,0.635,0.01463055102282816,9366.392789049718,ID014
14.13004121367464,8.257259504751376,11.236809814907122,4.118504702503679,-1.4955692979794943,0.033702073952164485,0.625,0.014508096395473145,9263.362894880314,ID014
12.621306401722155,8.24605193956829,10.444024776376459,1.7156213916975258,-1.0667754133033225,0.14368818839441083,0.41000000000000003,0.03248475133636374,6234.1731055663895,ID014
13.746484756932269,8.664237996960503,11.088400961113017,3.2241372893980094,-1.4894362012336324,0.11890838479019038,0.22,0.01600409151067187,8805.95685411887,ID014
13.804815033775887,4.988608160671853,10.032647200745828,4.298803633276379,-0.19186198562270818,-0.412347833363673,0.21,0.015212083572738814,7390.588053982016,ID015
13.906761036229671,4.956836146544587,10.200859580753527,5.6966026090383295,-0.6398388760467029,-0.23163672320892087,1.3350000000000002,0.01474103132037268,7727.916561913964,ID015
14.233177581460755,4.822734662088249,10.282899373036013,5.292281651351802,-0.3906624186553267,-0.35815215378836623,0.20500000000000002,0.014402967912591786,7969.034750239384,ID015
13.28896546692133,5.452129227339471,10.303096195197346,4.343769414583506,-0.5350279012246224,-0.5006991514539335,1.33,0.01617883653435434,7799.42100307083,ID015
13.809778751502897,5.0783819359764655,10.293704902731363,5.057719329244287,-0.30857921348202,-0.47811944700293935,1.925,0.060464400988982404,7281.299487969987,ID015
13.081146565998823,5.05814350866359,9.984476703216032,4.82751041963202,-0.5107961598051309,-0.42598416175616405,1.305,0.015289179659514717,7217.898678608344,ID015
13.551500787639748,4.8202446580165,10.189996591193692,5.8882144551282005,-0.7668913654080001,-0.40782587330501735,1.29,0.015496438607858097,7829.861029655323,ID015
14.439637270252176,4.761863197775431,10.117662137640986,6.339742914183952,-0.6072948438677699,-0.21841760845765323,1.31,0.013158225268679607,7857.7547713861295,ID015
13.712495942443923,4.7410237515746445,10.244550045595298,5.66981229469985,-0.23413419050385098,-0.5720029281302912,0.20500000000000002,0.014949867687141405,7572.844854636434,ID015
13.966977141864161,4.771236695249609,10.285421655466637,6.21427410615694,-0.661130418384055,-0.38748650037051796,0.21,0.015035465288373162,7897.6462133073865,ID015
13.921231046438802,5.1759670438329595,10.281287696367325,4.797536384649938,-0.29697159648774285,-0.5336265519261908,0.2,0.014366545554257008,7904.068845518236,ID015
13.31890254523019,4.7454063360893155,10.261442326088012,5.415638060556105,-0.38479973528435707,-0.7335760610188152,1.35,0.016142471143540015,7637.929654176459,ID015
13.722556796456896,4.74283126833094,10.187861827510773,5.567188303733507,-0.38144979157253145,-0.5177704305130643,0.20500000000000002,0.014938907015704982,7700.812407678667,ID015
15.17817966514291,5.500240785552519,11.275976640896001,7.664479948284802,-1.0268161202057318,-0.2501022541532747,0.77,0.05073072113965849,9060.042976520424,ID016
15.51738601003841,5.535636186280623,11.410656984829444,7.798452727861864,-0.9353038551259676,-0.2887798065829581,1.8199999999999998,0.05058841737211234,9240.69219426472,ID016
14.753241852441228,5.534897498206185,11.287252952155134,6.780158737503564,-0.8325917188606233,-0.40318323194544287,0.77,0.05219191874581705,8949.238501753622,ID016
15.67118520782082,5.6248205527733806,11.294474158387791,7.7938740779055244,-0.9199439262323263,-0.21217746804722995,1.795,0.04945382175773346,8508.263309882474,ID016
15.41401387518987,5.6112590782461895,11.456658619010437,7.845839291598906,-1.0457406436254681,-0.2358875766615387,0.77,0.0499545417718469,9438.686831488143,ID016
15.167471086344149,5.644859031028717,11.374126332928478,7.194691781132642,-0.904028274200019,-0.35134862847618287,1.825,0.052085149561370656,9091.234809674017,ID016
15.103385666619417,5.644474225909344,11.440830010285616,7.096298080906042,-0.8951864023301352,-0.3349979426438882,0.195,0.012911012424914575,9455.510992226416,ID016
15.321966362625345,5.832473405091096,11.478525263209233,7.551003383398343,-1.0259942120278678,-0.3308359511231907,1.2349999999999999,0.0137058126241714,9992.350739277783,ID016
15.935300406139113,5.125652032538716,11.542723315928376,9.63373671070237,-0.9890821708214448,-0.32166168509359777,1.225,0.013178289373138958,10335.459599767943,ID016
15.810253397174005,5.604855013513427,11.611521027153499,9.06480787322201,-1.1239756091471054,-0.22345058572132476,1.755,0.0471213193922094,10061.222903451238,ID016
16.314170261214198,5.475077192768544,11.95333636571895,9.97789789660393,-1.0932282256001011,-0.2716740941141799,0.195,0.011952799123569214,10839.134130083778,ID016
13.988734358703843,8.458617654263763,10.709088866829662,2.54454584323978,-0.5363918624393134,0.7926118661280087,1.02,0.030024160101279958,6242.4480303794635,ID017
14.66119874143901,8.083325562748168,11.268892692006485,5.154201426689217,-1.4552549940611095,0.09771788193677165,0.215,0.014664558048198011,9479.654210314699,ID017
13.889911469706378,8.414474318515317,10.600192032183488,2.6050809355286018,-0.5712848538131787,0.7494693378210283,1.035,0.030957720712462528,6044.389650837485,ID017
14.717964093690918,8.285767827270057,11.399332776810253,4.998456674816391,-1.4620970670472155,0.08450874395148689,0.67,0.015287440475306616,9617.2117275543,ID017
14.850014077171833,8.37839574363413,10.882010530473167,3.8191891023166535,-0.6221458032908402,0.8052037245891425,0.425,0.028619501489451835,6070.900598922477,ID017
13.793987577700157,8.381918758017607,10.647979319720129,2.4759494172448986,-0.6075618490569505,0.5955616355850323,0.43,0.0311730018298083,6221.934532449214,ID017
14.319624938444742,8.402218085275805,11.316623221620114,4.115139866872637,-1.4522945545565813,0.06711586499623662,0.225,0.01571270204123358,9300.89446607427,ID017
14.576453420336684,8.243669614016001,10.762579757517305,3.523989754208745,-0.6288064927897294,0.8307750393141352,1.015,0.02881359325815339,6044.442512373661,ID017
15.023482357170577,8.103001006319706,11.432028501198442,5.8021540657530295,-1.4640711745925234,0.1021545189616351,0.66,0.014310929709141794,9921.19377573887,ID017
14.71248695529207,8.172918466378164,11.41706539582089,5.05303013433289,-1.457444682671988,0.049207736734449885,0.6900000000000001,0.015972826396659656,9678.220085553658,ID017
14.04815735871813,8.169783576179741,10.603674836756213,2.967073189921564,-0.637746769648809,0.6888162644114724,0.43,0.03060899654096961,5964.158489279887,ID017
14.473457175477488,8.31502652576055,11.40421882500168,4.51631193362781,-1.4695657734734637,0.02281669707795695,0.225,0.01554569839617998,9535.028549705112,ID017
13.858219977641795,8.339531239970134,10.62238600857484,2.5164703837401596,-0.5566402409943048,0.7418841343562931,1.035,0.031028515977790938,6116.351527144624,ID017
15.059885409679696,8.323193765493881,11.539311387972335,5.401972880540805,-1.448281931069452,0.1309813501148085,0.22,0.014608344885452824,9881.622556629833,ID017
14.025856502795724,8.209327456742466,11.077333103337093,3.9403790495716318,-1.4475081437406696,0.07435260070878397,0.67,0.015685316611940822,9066.63118734355,ID017
14.59656497861095,8.322190503217108,11.367892752712551,4.633211393662916,-1.452225541449398,0.10289572892219104,0.675,0.015072039231310695,9573.183823366691,ID017
14.481014037110633,8.314175679369464,10.740053396300905,3.4881711996677156,-0.6755102134272084,0.7310596853550854,0.43,0.029694053116586648,5994.448041960988,ID017
14.381558241254924,8.364280343350222,11.222118720950562,4.434416548566811,-1.4553234234262953,0.10767731891832028,0.67,0.015297368776695436,9308.497817159403,ID017
16.852121368169087,3.8947624811382715,11.557149966827758,12.125562040052587,-0.6222876546577742,-0.30981095673250486,1.3,0.012758037715423769,10373.152960747528,ID018
17.36637198211364,4.095002562862776,11.294279704894707,11.915525507879584,-0.7523641220882182,-0.18690369666548431,0.195,0.011228597441125799,10677.12894550788,ID018
16.778644034460505,4.632815269984096,11.173890855350951,11.26342281979421,-0.995750672407878,-0.13976194881396095,0.2,0.011919914361925417,10109.198567960697,ID018
17.23646746402196,4.185673154725569,11.321184337973435,10.86689801010177,-0.6235290369473687,-0.220244632183694,1.3050000000000002,0.011313222991139432,10735.981481355318,ID018
17.726563818656736,4.176353644329526,11.198007369169453,11.760628078826546,-0.7536560493478288,-0.07591581499915512,0.2,0.011282502466129694,11161.7339587717,ID018
18.0735464287542,4.296302390747031,11.531349940202498,12.130954642928053,-0.6333405892615831,-0.13911790913565888,1.32,0.01161919166378434,11756.290351072319,ID018
17.44618890190091,4.282090908188335,11.340444227439525,11.233791034598077,-0.6690959156643044,-0.17268940169346997,0.20500000000000002,0.011750417306192501,11001.939204351598,ID018
15.851939753031592,4.864910003631088,11.019508049611899,9.087391511594372,-0.8321823137593674,-0.24618497635438955,1.36,0.013878427714685596,9646.755478207397,ID018
16.546575150275455,4.848224120538925,11.18334108605416,9.50527042317641,-0.7543968588120706,-0.2202865922854896,0.20500000000000002,0.012389270778889088,10107.361790598137,ID018
16.356361158078595,4.750243123600981,11.295730236811217,9.203831999068111,-0.6722702062119512,-0.3026773319312517,1.33,0.012839041518490716,10067.460922266237,ID018
15.869523647216269,4.729697031106486,11.081611353570588,8.629674252202443,-0.7634063407840488,-0.3572697433745017,0.2,0.01260277273887063,9526.502469014891,ID018
16.218375679160946,5.0322662789521555,11.558767051118508,10.347275256867588,-0.9090344228029306,-0.378415465196969,1.29,0.012331691160476742,10345.85208751643,ID018
16.38672048186238,3.24731106364074,11.328189930856285,11.632980747978788,-0.563906662297041,-0.4483244923929457,1.96,0.052176394962393825,9542.417810654546,ID018
17.32205341806854,3.2159378215968255,11.37945729679184,14.667734578635581,-0.5825973790730927,-0.4009391618019312,0.21,0.012123274009820923,10448.95010773571,ID018
18.54385921382698,4.177714857362284,11.945912313686053,14.958095136723825,-0.8455682626684182,-0.216309603073541,0.19,0.010245979426889148,12526.007500159918,ID018
18.521443267395643,4.216961521004646,11.726720665723786,14.040007101106715,-0.7331903581548112,-0.13389722722025996,1.29,0.010528337191911478,12109.105174931026,ID018
16.429093196611742,4.691155334770786,11.070615674950574,10.319842711858863,-0.8988359418842964,-0.19812801963279345,0.21,0.012782202735529517,9976.662274430471,ID018
17.586952512648406,4.732277268447308,11.402384570751176,10.046007011513403,-0.5451844528041194,-0.072075642571153,0.2,0.01137206686924079,11032.212915349566,ID018
17.070490979006273,5.4752598874069855,11.851190331828711,9.927718009073217,-1.0723905787327823,-0.2178734037804076,0.215,0.012594833989509294,11423.672457386076,ID019
16.0322014659893,5.3769530155951095,11.600177381737419,8.528533331890307,-0.9972813149707838,-0.3615428075125351,1.305,0.013098637791291098,10523.790950214072,ID019
14.768630178010527,5.37553385696397,11.4112448070822,7.036371104792233,-0.5311379111050196,-0.5467370138135036,0.865,0.05857009008783532,8965.033625340257,ID019
15.723538514035848,5.409196809826004,11.762093741250274,8.654590651815358,-0.9100996681555618,-0.41588488582443695,1.31,0.012719783134150564,10212.224060015928,ID019
16.006078406971373,5.3987928657388675,11.698684846331513,8.5662028647684,-0.9283113576103337,-0.3871353130033454,1.3050000000000002,0.013432397026516985,10519.779255777137,ID019
16.478451127756816,5.36434983106719,11.691507697222868,8.851569580873866,-0.8150143194344905,-0.39115045176322877,0.215,0.01304734275892273,10816.60144282683,ID019
15.014000458434522,5.488346513014458,11.46763489970489,7.5307341398936405,-0.7501184333877808,-0.44181933631265885,0.2,0.013320900086135576,9284.843999461309,ID019
17.58523723180808,5.478645713063956,11.939053083381978,10.720061272176677,-0.9623025654151904,-0.2297982375552556,0.225,0.012794823125446454,11876.627807847848,ID019
16.109275519234693,5.50888448416278,11.601837097768684,8.433193765666012,-0.9354143747226642,-0.30327805561254517,0.2,0.012415207608883299,10392.963139340476,ID019
15.74751199878719,5.829287633291492,11.504741423512806,7.693784547335329,-1.0535463498941553,-0.290982293911109,1.3,0.013017929436458808,10133.906159168773,ID019
15.204213044273335,5.826289815661337,11.539442419608086,7.007227794923844,-0.918218008092353,-0.41640787645129795,0.215,0.014140817375679942,9675.617684198185,ID019
15.305736045131606,5.348029816256636,11.513158781373118,7.708111298366717,-0.7740400303902506,-0.4708531048112485,0.2,0.013066996543666078,9524.147933386746,ID019
15.83701338902444,5.567313500715442,11.640495785135629,7.745160347539896,-0.9514022621209617,-0.363917467495441,0.20500000000000002,0.012944359833784797,10252.976263387945,ID019
15.567001087733026,5.830369777467719,11.708624506832859,7.564165289683161,-1.0354065690037593,-0.36458413988692884,1.3,0.012847689729886529,10224.014668856516,ID019
16.98176884324778,5.74741606959119,11.954090796460418,9.363216040818974,-0.9902230791951161,-0.269451081363815,1.31,0.012660636355646036,11831.047037385848,ID019
16.06408978157526,5.715774237623465,11.700146456789147,7.630670409497389,-0.8472813931234069,-0.3739765456503528,0.21,0.013072636100481705,10575.104168181484,ID019
16.098853740913736,5.654291713232958,11.672893986916822,7.970583774923794,-0.8411662256658485,-0.3797165801950943,0.215,0.013354988091704786,10576.070634921027,ID019
16.194174785167267,4.016211789805651,10.451750380710662,9.716382927318502,-0.7340629787532511,-0.15499160414889843,0.2,0.012350119882810333,10268.00957408585,ID020
18.683102576849347,3.448782177987646,10.9996574065754,14.401576263008996,-0.5356944484130879,0.12146314940821933,1.385,0.011240103143265708,13007.070539858225,ID020
16.744863141634458,3.2272565425588633,10.32451408409771,10.938414423059836,-0.4310894740989517,-0.16527157573628926,1.37,0.011645362422530146,10470.304300960846,ID020
17.058522241013993,3.215012807301672,10.31184011809501,11.172500576723886,-0.47437248612122307,-0.0401133665830425,0.195,0.011431236378210967,10375.70363007818,ID020
16.52374805819484,3.775341357094876,10.398802866441509,9.804849153920271,-0.5181676168528422,-0.11691708591685576,0.195,0.01180119663609196,10211.901725262584,ID020
16.866953579223566,3.832210225155538,10.447667574282121,9.972065078605718,-0.3968529765171884,-0.03825856750515359,1.375,0.01156106816112886,10595.961698369407,ID020
16.394196840521797,3.8070126173682635,10.268767330473201,9.637695482985718,-0.5724678691901626,-0.0697304087044771,0.195,0.011894452768678208,9925.514658189531,ID020
15.867111111834356,4.033457504363547,10.16867209579331,8.239853337980335,-0.44523466308506165,-0.14080372643379915,0.19,0.011974454496527098,9382.026973878614,ID020
16.05368150206887,3.8716169023667115,10.314915616084289,8.988688908162715,-0.4765717526840487,-0.21884298291263157,1.365,0.012146746525080243,9643.851013708354,ID020
16.678162558611184,3.851391610951051,10.17936125271419,9.415904952409953,-0.3969294316284473,0.09009402481441801,0.19,0.011392142229834555,9900.702947694741,ID020
15.601949907364059,3.8476812921988395,10.331178785313368,8.778969469165915,-0.5382389125497418,-0.32755720622266105,1.3800000000000001,0.012498437769497054,9427.347072433031,ID020
17.182495839370787,3.012968325341831,10.448926265918233,13.185485723852773,-0.738043334435897,-0.10976800356820784,0.2,0.0116397525638699,10940.391716439839,ID020
18.36002511326049,3.0818457942177035,10.650976088256895,15.050129909424264,-0.6172047117319521,0.05479812066224871,1.3699999999999999,0.01143789285170029,12171.185067892786,ID020
17.86736140783253,3.0786823694694907,10.476769104128115,12.193351041247046,-0.34527055693681374,0.09164950561808707,0.195,0.010913754725670782,11291.469016772975,ID020
