1.2775553084265774,0.4363528554559749,0.9216072621568977,0.0673001584438902,-1.2550361600900897,-0.25481372375207834,0.215,0.16829016996907284,69.82485235327489,ID001
2.2016152582209676,0.5467918095403761,1.230133634126706,0.2631862792894028,-0.9272763268370432,0.6661796922828918,0.23500000000000001,0.10673981256375085,165.0160797652818,ID001
1.1101635071976317,0.5983156981206263,0.8881308273481886,0.019662649323335953,-1.1021482323810756,-0.15781046887968325,0.77,0.13511523215048082,53.61283445718272,ID001
1.109124560154311,0.6955852640163138,0.9300794368487441,0.007092307860396076,0.636281332797469,0.13301720522968016,1.415,0.5725236125973564,54.568633982678584,ID001
2.2409005169108034,0.6933873571121253,1.4300558150450042,0.2986746876124718,-1.499308702614402,0.12957156292584704,0.2,0.08924983438163078,182.67385049669528,ID001
1.0802371636716028,0.6525352443873562,0.8232907090557193,0.017175185188873312,-0.745523816328153,0.666668993088336,0.93,0.35177460355874385,37.302643151346764,ID001
2.0313112866101912,0.5521055302826053,1.1107897460563922,0.21547778193687184,-0.7774151663512625,0.8349367654038999,1.1300000000000001,0.22645470589967437,42.18524449287924,ID001
1.4246798476162335,0.31089103037410337,0.8385273266566052,0.09640164687799811,-0.7581625261264091,0.4890894361400542,1.07,0.2983126354395394,32.12236924186913,ID001
2.1644024695585333,0.3092962319015678,1.0546235730550138,0.38197317956390126,-1.1570872082741646,0.5964509254661047,0.41500000000000004,0.19173883131109454,31.659419160176338,ID001
2.2536194631981097,0.4334913136630318,1.3728624490266719,0.3595457881179437,-1.3983689579046852,0.05377869009838543,0.21,0.09318343377368118,173.6123259884734,ID001
0.9877508371201825,0.5696507695586643,0.7917200190203053,0.009791491646803794,-0.35893432421215365,0.19374616547776558,1.23,0.36952638892634965,43.246477502660674,ID001
2.1228774147889973,0.5683258886518069,1.3256543701887695,0.2860682727710558,-1.4677381437390138,0.1198594707855175,0.215,0.10127763313237277,159.29334166651503,ID001
1.3441387122629522,0.5334359433140907,0.9477155861843088,0.05422395348325701,-0.9405475830805208,0.2031639575768824,0.96,0.2678295005683711,54.07658559965782,ID001
2.2060067863327073,0.5323109951091332,1.1122136092021377,0.31291833641175654,-0.8676126155166584,0.8346856067121531,0.485,0.2198542647306493,31.00128231991077,ID001
1.0495661546448753,0.4651227401828623,0.8160070473433273,0.024434469039319527,-0.5009184117253658,-0.4994400976631803,1.07,0.4096930889939873,42.474601096021075,ID001
2.1340577315637974,0.46454870560925327,1.097266984386485,0.30753407498469354,-1.049350815520947,0.6784524485838838,0.445,0.20852294360092702,26.859573196791942,ID001
1.8338937215979934,0.5294794842169949,1.2637723464353745,0.17170268429880078,-1.0597896749528728,-0.2800397479310429,0.23,0.12541620994240918,121.53093767720915,ID001
1.4699569144728484,0.9329921085923784,1.228618336934814,0.029443276501610046,-1.3412796246182992,-0.05021493228142307,0.7450000000000001,0.18367885299333866,105.67862689053855,ID001
1.090993048148122,0.45611693020152766,0.8272248577848429,0.04012496516491225,-1.1237990492680399,-0.35106494095683144,0.715,0.12374047683360795,62.48791040041971,ID001
1.9526641489262047,0.5837854111042668,1.0615040614327553,0.21635554348856606,-0.9909942440557322,0.7005214797949877,0.51,0.26118162730670075,27.284692376949092,ID001
0.90124270357134,0.37548987720296234,0.7428135874747922,0.02570407342819219,-0.24985041499237282,-1.0311511908488773,0.7500000000000001,0.19417632931343615,46.29050222751716,ID001
2.416002862863428,0.9732083516084737,1.781636729774657,0.22185546337779555,-1.231991541166248,-0.26318178401752457,0.27,0.11175483446240543,213.32859652856345,ID002
1.9988694720186355,1.0813327481720323,1.6176206951466285,0.07658948558170586,-0.9848653203097868,-0.3539704479777091,0.875,0.16009049339116457,183.8483446412602,ID002
2.3668798148668992,0.8990967799350575,1.8033303182385423,0.17665173970232897,-0.5153435627782099,-0.6104361829776773,0.225,0.09506186101496363,227.33760486359373,ID002
2.288054114601854,0.8435788045338292,1.6356973230332668,0.18589419829549902,-1.179258945178761,-0.04615478369716981,0.915,0.1027073610279941,247.50420672289798,ID002
2.7996925531446326,0.8407067652895062,1.9912668872109425,0.3197924136895814,-0.9084601115696245,-0.3659503579269207,0.215,0.0767941464710154,305.3058330697833,ID002
2.5099265727152598,0.9149981389850023,1.6514243298954308,0.25020581175971396,-1.2358261163739077,0.45660836200835453,0.21,0.08366778625432864,252.11441558756846,ID002
2.4708333101659026,1.099780528482558,1.7980960002662214,0.21944998134508906,-1.474240018942004,0.0020025502153603754,0.795,0.09510961303343489,259.14360158519946,ID002
2.577798878809107,1.464812197013065,2.074645521651294,0.14472590244933595,-1.3783544928159521,-0.26534659357645524,0.8900000000000001,0.1338351113564699,275.82791935789845,ID002
1.9587039113386453,0.9751447411430758,1.4246693487098594,0.11267126152613013,-1.478350092033358,0.2506535632645587,0.655,0.07658125310909543,174.11416268063533,ID002
2.836868430989697,0.9747247239529628,2.2489503556110235,0.2975321421549489,-0.20071102992183665,-0.9968095410295273,0.435,0.15333809465680498,298.3122979322714,ID002
2.628386326469318,1.155355403650907,2.1278788845421777,0.1695804688055192,-0.22757083496284514,-0.9112337543499219,0.8049999999999999,0.06848308339885179,344.00574381211294,ID002
2.5103972640769348,1.1549751009745075,1.9929437819174924,0.1689211033679526,-0.9802538685948705,-0.5097056069141002,0.195,0.07767694889983913,284.3769504189505,ID002
2.2208171824198133,1.1476916128049692,1.5722505594835805,0.11841109030563865,-1.0250612494604496,0.6892908431155463,0.8600000000000001,0.07654839909639351,232.91061725842388,ID002
2.417057292169283,1.145915462257078,1.8732532279640255,0.17878035449414706,-1.3772099180718609,-0.3413958628488253,0.23,0.09515703278740964,250.9316689424408,ID002
1.9930052532639992,0.8944119771333809,1.4599356317854435,0.12536309489134312,-1.33895841297032,0.02308614329095389,0.8300000000000001,0.0978421906719228,192.8497381055682,ID002
2.3840650685952136,0.89281608534209,1.8587431182181033,0.16835872900856738,-0.056621686411919114,-0.8618343469438985,0.225,0.09437661872734833,226.8162104481045,ID002
2.2632143632661608,1.2178921034971073,1.775061234605213,0.1024000804817229,-1.2135871276306474,0.06189513910141913,0.7649999999999999,0.0817421464809975,261.4560007537715,ID002
1.5894143386967008,1.1765751241360443,1.455350314598636,0.01122207019435727,-0.24680453828413196,-0.7082190383888938,0.79,0.08808275890778625,135.32029109914407,ID002
2.560381826179194,1.1762633430541618,1.9655110484500784,0.20032506235920636,-1.2548633536961715,-0.3602375728869114,0.2,0.07811334932745401,292.6920630302163,ID002
2.200142498604171,0.9595957056738024,1.5221229798688107,0.16315802111119718,-1.288447711149721,0.38039487930844285,0.8600000000000001,0.14771770474239224,148.90752326948387,ID002
2.273036785725621,0.8775726274757929,1.5134022345240985,0.1607296913060592,-0.7634640281901093,0.4335816539370094,1.12,0.2023724397637297,111.94333399030192,ID002
2.209859963604197,0.8285837924076155,1.681910023069811,0.1800806538833993,-0.9657020558858935,-0.5503822144714938,0.76,0.07240277783893877,260.7881200509308,ID002
3.0302980851380434,0.8272382376788436,2.0482858425361696,0.40704162806125843,-0.930156620054742,-0.1385973162773999,0.21,0.06930011309116263,343.4955777354408,ID002
1.888277134368069,0.9312597762370562,1.553640992653171,0.08426833616093998,-0.6423830797853096,-0.7698412939730512,0.94,0.1588749842593407,189.90546396891116,ID002
2.566893965569716,0.9300551514881015,1.8353028824484448,0.2629960781866219,-1.25456803571405,-0.1607545794844543,0.24,0.09349821349037787,255.54039535656625,ID002
1.7628633910065263,0.9674646739827569,1.4308886506677374,0.07045055546085689,-1.3497756581831994,-0.2650179311579906,0.86,0.15599620560671223,161.40252213800377,ID002
2.435067138022076,0.9668275130138537,1.9070710470663421,0.19455596499439456,-0.6122381323102202,-0.7316094284663046,0.215,0.08829325345609869,246.84615262044449,ID002
2.2221296096663434,0.9773014867059262,1.6944455901835946,0.12170820389307942,-0.774774276040405,-0.34465686437193954,0.8500000000000001,0.08100337586835328,244.3932358992037,ID002
2.8436537460957743,0.9752997969032505,1.9671655912153254,0.30093418963688306,-1.1535896723750958,0.05324187964462001,0.22,0.07736525598520967,318.9162222790111,ID002
1.6654934695049461,0.8378130552136253,1.3879336066823105,0.0632149771188468,-0.6269132999194063,-0.7742670209765338,0.7550000000000001,0.11408030321276245,159.46891554249058,ID002
2.6274999162330634,0.8375897238437533,1.887945496521898,0.35500036823790576,-1.3654704200985424,-0.2978289995504086,0.34,0.12940057501027205,241.00061229223974,ID002
2.991399074739308,1.1366297155707417,1.9398184647385366,0.33732852707292443,-1.0997151051310388,0.5262848882689461,0.25,0.08357293485550295,329.0764899608528,ID002
2.4817788491115302,1.3644617031152155,1.896425262856655,0.14445272903097706,-1.4282643670902122,0.16044339087555717,0.295,0.11886635269923794,244.59310501872977,ID002
2.2228411999832893,1.2672150844482402,1.6800911919412276,0.10115110918275376,-1.2815823433630384,0.426913220644778,0.815,0.10572055259807434,229.8035716153896,ID002
3.2689655166787817,0.6116915971900981,2.2501194988823836,0.4353702636451712,0.12186232519946127,-0.8801146159431981,1.27,0.056592827013959186,405.02512077582725,ID003
3.2583002787843207,1.0018503584431833,2.416288793819566,0.39079844632981264,-0.9708289486110098,-0.5807835172672394,0.2,0.06138169686270305,439.8798470026409,ID003
3.1786913062663844,0.9589319685240691,2.3351737468089326,0.3996485829229901,-0.8848994919224875,-0.5304550830184495,1.3,0.05820005221497794,406.8218749482323,ID003
3.1675560823052873,0.9367640301650276,2.298538242338524,0.31219850179850883,-0.08599416199471621,-0.7037002938555463,1.27,0.05682614461209457,396.76848011065454,ID003
3.190978343323531,0.6874188893942798,2.3709671294824286,0.4753700527541853,-0.6732523689294356,-0.6790690054179163,1.61,0.1566917560083564,421.3280191247919,ID003
2.947757329146884,0.6864629008410609,2.1264151998255194,0.34321494151232557,-0.04439969871870675,-0.8427490400732305,0.185,0.06275957595652597,345.04771848507767,ID003
3.130149798117554,0.916802249623065,2.1930157265166392,0.26955864380917927,-0.31426340149297083,-0.3836695240942759,1.27,0.05590786744623007,414.8328885246698,ID003
2.0613994148549004,0.7216278407703174,1.3825077354443185,0.18740895873444685,-1.3650949929910012,0.2157741989313587,0.2,0.09702146927895475,162.15813589042418,ID004
1.6767299327606515,0.6699347046031864,1.2670317160311464,0.10059694609958285,-1.2368953784183103,-0.24730563061619018,0.87,0.15804572628085123,126.54092328977967,ID004
2.0293853340583157,0.6681798095050296,1.3093176061119673,0.21763555500752124,-1.4504601649854367,0.20652101770661016,0.24,0.11826240979087682,150.0468290662474,ID004
1.4756567593752448,0.757194577061241,1.0939052842804786,0.04574906578058335,-0.9575402511385467,0.31089361499962326,1.13,0.3252788949397824,59.9705289342665,ID004
2.35588149187994,0.7421499298331166,1.4751645134619302,0.3140913647784439,-1.4391477687251306,0.25366028583658534,0.71,0.08913860935866717,210.83870780605832,ID004
1.403149747235065,0.7419679898437979,1.0953779851983665,0.03325031230150393,-0.6983211245434613,-0.07464016113537206,0.435,0.31001680387797265,63.882328370024304,ID004
1.4282995403321528,0.8056051536504024,1.1750583136360297,0.02886260782180746,-0.4577389522263542,-0.6254398136722539,0.485,0.33956462653990116,79.80160490181402,ID004
1.4990821280199278,0.8330469070147427,1.2057203209149954,0.0362863077298244,-0.757048785933434,-0.4993549206090031,0.49,0.32686668117858203,87.40049520936918,ID004
1.9777410950504475,0.6456345311342897,1.2973490904355727,0.20466493180341266,-1.4300775323340933,0.12511504366632645,0.64,0.09354106079050811,154.38776691340567,ID004
1.5207350896484944,0.6446498352617974,1.1260318098338333,0.06894397727072686,-1.0199251873318702,-0.18843551742720727,0.455,0.299197409921783,63.273403033267826,ID004
2.222103000479332,0.7862597856720437,1.4451272121553,0.2563721349656024,-1.467909171346309,0.1959707737043523,0.20500000000000002,0.0922549494581391,188.2106066329708,ID004
1.5970923788949427,0.7404275487049048,1.2350872798990022,0.06035956658892352,-0.8350656843206035,-0.44566944884966886,1.085,0.2848927250625432,87.14612399865392,ID004
1.6784889426612668,0.7845087873358727,1.2769432216747607,0.07991165613667757,-1.2153078445019625,-0.10900913445034928,0.45,0.2680982808778704,76.232889753292,ID004
2.2044464644378547,0.727562778642191,1.4647380204761695,0.2498614899445358,-1.410718023938327,0.06996083629971656,0.65,0.08845758023419545,195.31344744486483,ID004
1.5101848990792066,0.726853874574894,1.2053635946350505,0.06023420497137632,-0.9719457107799498,-0.5567220831547062,0.46,0.3045984635924199,78.55504024370074,ID004
2.3366439423223064,0.8409478508031379,1.5328345995893558,0.28158944267905683,-1.482240965494916,0.16962556735727422,0.67,0.08987248600284754,209.5156373559539,ID004
1.7057469873958673,0.7733717957133838,1.2532472938901764,0.0792698025044994,-1.1435763241311945,0.11015931273460526,1.135,0.26967657184743066,77.54108535398235,ID004
2.223487667069597,0.6425408898851044,1.3942628377327035,0.2944025708786744,-1.4493419104436474,0.17124521649677144,0.67,0.08994877865168742,184.43516822657324,ID004
1.4818775467302974,0.6410644933368941,1.1565513014799096,0.0724314773387068,-1.1136169008350743,-0.4757670241177304,0.46,0.3104170118610484,70.10478735700825,ID004
1.426643828320632,0.9351394036702392,1.180466264379364,0.026949830090610246,-1.522296993223752,0.2114203855363692,0.745,0.10514187004654967,109.55697070354998,ID004
1.7209077570968443,0.7167221203734365,1.2025946678203399,0.085446149341042,-0.9676424917822919,0.3475898415617865,0.46,0.2673007882630594,66.15479737348439,ID004
2.19770434720145,0.866296335065037,1.4639555254520944,0.2192229534055289,-1.4416235771677544,0.24191799712094683,0.195,0.08872895039240032,186.51672214374742,ID004
1.6749996259736832,0.7729733408711889,1.1529082904253058,0.06886397934075703,-0.6931387542444138,0.7525158812366505,0.9750000000000001,0.23880602347447008,67.42218475396854,ID005
4.1335023635416865,0.7722864982843164,2.277681501283779,1.4437351056111387,-1.4751303848550545,0.22251615576974043,0.255,0.06169102556929706,525.6903015089482,ID005
2.303874623636706,0.7059469258365154,1.3221237990421346,0.19938257944011972,-0.28084102169226455,0.8752210127656237,0.62,0.2691118664353876,83.13336580965677,ID005
1.3431587484480256,0.7347260821229613,1.0668623361766538,0.022634515155564656,-0.07983330128868005,-0.43172350528757036,0.62,0.4615984526895194,67.10084145651304,ID005
4.203195337427269,0.6188607708738502,2.2485424290047926,1.6022925824694916,-1.4724087504614343,0.22200224367717425,0.7000000000000001,0.05590984504275764,546.5510548530433,ID005
1.5481074402318982,0.6180849655099927,1.1241316413701483,0.07012789219725905,-0.9017908206836611,-0.0474966244250739,0.34500000000000003,0.2228527497731817,74.39288190709817,ID005
4.312317219766431,0.41459680475754246,1.858625087298401,1.4162886840126176,-0.6068941137038033,0.9222170217372532,1.3,0.12406322928835402,84.99274446459779,ID005
1.5883172224491526,0.4143304738183056,1.207658370361363,0.09244387115185312,-0.04492827581337666,-0.8856038116486253,0.61,0.38405426282502464,93.35968288704176,ID005
5.622301849679349,0.09296433476298979,2.7547781608430437,3.464715696137861,-1.4448302038842287,0.20311416052709996,0.7150000000000001,0.04446577339390947,901.0904741927952,ID005
5.426731751812786,0.08381912498090176,2.3427794318014525,2.6392308402965563,-0.8806692311387061,0.6132629824258211,0.47500000000000003,0.08752966273693691,124.01389293898019,ID005
4.218130293575435,0.40762762172208283,1.9421881208016036,1.4740339457051972,-0.9762143661145566,0.5983700046044786,0.44,0.10431161898203022,109.76018749786866,ID005
1.2979213305349493,0.8781964468376368,1.0967707976353507,0.012420087304165972,-0.609464945419024,0.15852678148724836,0.125,0.09630784012809174,81.86103162316331,ID005
2.0732482460178185,0.8071462422783489,1.3323341384534093,0.1113207345852311,-0.16203653310224597,0.8985297590597443,0.62,0.2990476423606589,80.17541680082154,ID005
2.2757598312536618,0.5005110364320956,1.2846337768506555,0.2031521469651582,-0.09607922682201187,0.8331252351149827,0.605,0.26584527580255246,67.47652948344054,ID005
3.896519669699904,0.5445557617319541,2.1402262796839806,1.2544641762390143,-1.422683545701782,0.24445317870948305,0.755,0.06929260542416162,439.4262129398485,ID005
2.0753458906245466,0.6934637292890592,1.4948688473563279,0.23342570493121853,-1.4772925180762788,-0.3856346841199439,0.335,0.1614188755297973,100.44129158283818,ID005
2.8239593405438184,1.2009187465021407,2.071539544171205,0.24764518949574718,-1.1543773717884545,-0.014799879473255367,0.765,0.08852818679459341,347.0904014473713,ID005
0.5300292924283909,0.14128634057932737,0.3776318347242064,0.015718680596425807,-1.0325581268657396,-0.44610222154428064,0.295,0.5565730124997869,9.63917077680389,ID005
3.0965238004528612,1.1787143297571276,2.122863176970186,0.21834250105876488,-0.2735836154435569,0.0967704870262162,0.21,0.06781798349791074,386.874618313578,ID006
2.9041656374606557,1.179545505889246,2.1345141213863115,0.20404277556173073,-0.7481629869819466,-0.38165905525065885,1.365,0.07058826030985199,353.597981382408,ID006
3.1062010952654444,1.1791497082178055,2.1116387368836955,0.3490037674601616,-1.238961420428611,0.10561760215145,0.22,0.07082606478226086,407.0758865705135,ID006
2.821329654216609,1.1261656005968836,1.8869295704895128,0.2003169451294882,-0.6508135721440254,0.37738959876245354,0.23,0.08152184543775459,319.65659588670354,ID006
2.7915108435630227,1.160750862574697,1.8727767666199107,0.18974477026586628,-0.5374583690763841,0.4376241689359071,0.21,0.07522807962012451,327.11221905378136,ID006
2.9051170449273527,1.0725345824466066,1.92561598779324,0.18485202890132213,-0.10581129765273856,0.43200010979354586,0.20500000000000002,0.07056514310084411,331.92598197354147,ID006
2.9897132483847275,1.2096102909554969,2.105999679781185,0.22304926398166464,-0.7808806311271304,-0.031976131975291804,1.36,0.07191325125115577,365.48404430048123,ID006
2.9362299678521313,1.209044559379257,2.0446351974893635,0.19625273016637054,-0.7641666710122377,0.2202497202518671,0.20500000000000002,0.06981741969957438,351.00002566535284,ID006
3.15636671177643,1.2692080340339276,1.9971522002377808,0.25481493623432294,-0.3389279944045689,0.7490005437756846,0.20500000000000002,0.06494809339964945,400.11600870483926,ID006
3.04014364517441,1.2897531339485562,1.9917871643672451,0.22145170270104153,-0.4739034399987041,0.5861059340184999,1.36,0.0674310242956429,379.78015907426646,ID006
3.061882350247513,1.2628671906230007,2.138463808591904,0.22988253196445585,-0.9127442340042604,0.12540779359725074,1.4,0.07185122576059001,387.75426779165,ID006
3.202481017219385,1.259158672103922,2.0540166802491533,0.26030252861838243,-0.38046182095584236,0.6549546026175568,0.21,0.06557415918185097,411.49740478364276,ID006
3.1748027274888897,1.1712094019451509,2.0840532956677,0.30558704400455,-0.6463460100907468,0.5190804836565187,1.3800000000000001,0.07402034714322968,424.62668170160197,ID006
2.7840808222968723,1.4408126978966005,2.1558741723722554,0.20047136778844107,-1.3549136206296641,-0.142033892911503,0.195,0.07004107008614952,359.0005769727967,ID007
2.417856139142783,1.2530679917909437,1.9314350797620818,0.12718871527533124,-1.1887070527931496,-0.2315263307653157,0.8200000000000001,0.12200891327826811,260.0656722483899,ID007
2.9071390119187597,1.2518984474100183,2.151600390192132,0.27627928107694966,-1.3541816044446167,-0.0020213353203164994,0.23,0.07911558376019873,363.2091090708137,ID007
2.496214379376677,1.3532145061109397,2.0250672224228152,0.11773472852063102,-1.118014214497952,-0.33850643557570365,0.72,0.07210919121656022,305.47472705717996,ID007
2.935827133907798,1.2812309165337914,2.1107909760276087,0.2995604668556885,-1.3674216179683327,0.05209837907657631,0.77,0.06982699956421828,373.5098374704775,ID007
2.4899602827536556,1.3363384374635265,1.9880142812318558,0.14269377112269135,-1.3401192688600279,-0.2297201044676037,0.745,0.09036288713455772,294.9439320786176,ID007
2.7735992795897024,1.336256890556696,2.148528444176282,0.17886350565879086,-1.0474537021909784,-0.12829001032584075,0.21,0.07571389333179565,341.379422708015,ID007
2.6346665281508996,1.3259839174316086,2.161782696116554,0.14674810793378498,-0.8786235710338821,-0.5370798417388717,0.865,0.11955972288495953,319.74917192626776,ID007
2.9316242463551174,1.339578594971642,2.200620102924325,0.28180657455260116,-1.44350448623374,-0.06127886730977052,0.21,0.07163264537093816,382.60702194919423,ID007
2.539982150935311,1.0251943291230203,1.9822135651956838,0.20268329331204982,-0.8768464828161231,-0.5495685884574686,0.8800000000000001,0.12795365506026235,282.87627540156495,ID007
3.0067888427933784,1.024299418383344,2.1418886949697473,0.39957474568724105,-1.3303465590126553,-0.10003663557483569,0.23,0.07649356573583815,368.7391927125241,ID007
3.154107136795204,1.3548987449400387,2.331837938302389,0.3186002202892539,-1.3362554818230783,-0.007026023623051727,0.215,0.06816509099892377,433.6255905753933,ID007
2.4878117072886448,1.411775202500285,2.1083095986965876,0.09717895428745038,-0.8542418109790288,-0.6617023626435137,0.9,0.1467152835283492,289.2360825532156,ID007
3.1366075063841614,1.0377657427199132,2.2240994643287166,0.46917096142782594,-1.3654895364672215,-0.17108860567199607,0.745,0.06854539484535287,431.2494307528401,ID007
2.570458358447227,1.0344857236385054,1.9396533028688148,0.1722782788502988,-0.34265480572119156,-0.46490840585827026,0.20500000000000002,0.0797523131725959,270.63444078794356,ID007
3.004617538181093,1.1417863641571953,2.283574078844765,0.3351643572980501,-1.1580236698659887,-0.3654896555285671,0.765,0.07654884426296574,416.76773983227804,ID007
2.916298140592526,1.137040090912612,2.190679298948292,0.23802046660160422,-0.49779017385243796,-0.42761649283430864,0.19,0.06515108910003155,353.98844864840424,ID007
3.1991243505113465,1.3319027792634819,2.4206890941347603,0.36389338373171065,-1.3093920332130593,-0.24029727961199845,0.765,0.0765834563326178,469.0150732547077,ID007
2.894280580861411,1.3311152096588343,2.2469768188248365,0.22910863770289863,-1.1177373256670826,-0.31766553830686217,0.2,0.06910180074541182,375.512958812159,ID007
3.2044735506973305,1.265597963249873,2.3335674445160537,0.39985362736313673,-1.373707541183112,-0.10201355153323234,0.76,0.07021434143247567,457.91671135884866,ID007
3.2916886962530567,1.4150409930097445,2.3703893131572578,0.44474234022002684,-1.504552466438917,-0.018866792640674646,0.245,0.0744298816224282,454.3227569194021,ID007
2.709095309913284,1.4152438202442907,2.19136331857031,0.1944342833583209,-1.3294768555538767,-0.37179330904041646,0.27,0.09966426762912321,336.36741496329114,ID007
2.6557396041805736,1.38872533555446,2.144064260681654,0.1559189191473921,-1.2257229620136885,-0.26460906635414044,0.78,0.09037030574164737,348.3496004154135,ID007
3.2208589280521474,1.3849818990826583,2.3390257138124095,0.4222783429749397,-1.5026283411312202,-0.06442572124516754,0.265,0.08227618964990246,425.34846389969334,ID007
2.72611834677883,1.368428658902542,2.222446379230619,0.22142328358711683,-1.2250718300345491,-0.5794719739020433,0.77,0.0751984961482788,349.18556745303357,ID007
3.2722121598640257,1.1672112154698842,2.295186507896106,0.5075100354557667,-1.4601261182751641,-0.06465744269259584,0.755,0.06876082265073842,459.25086634949173,ID007
2.6754677031249807,1.1647389809264102,2.0995949765974964,0.22679281941664284,-1.094899484515795,-0.4701769841538414,0.215,0.08035978148750487,317.99801787453424,ID007
3.078859528238131,1.429936789541929,2.2275407429998006,0.3227555549668283,-1.4423489335366575,0.11441095584558679,0.77,0.06983105205940758,412.56760647752685,ID007
2.487586587590899,1.4297704878953046,2.0674991229479653,0.1135821532687617,-1.2188691607876014,-0.28969897500033065,0.245,0.09848903399872004,302.0785271911488,ID007
3.2610850216174274,1.4589012033352715,2.4314342220460445,0.3633549405000506,-1.4447924998638975,-0.0711986647659657,0.785,0.07206190529906673,472.1400594981982,ID007
2.8880705618471274,1.4194616248856713,2.281466332220273,0.2622048642383725,-1.3827934350151878,-0.3772040178375094,0.825,0.10387557837511026,369.7881571046422,ID007
3.2971492239150257,1.2891180833800988,2.329363630689466,0.45865144188937995,-1.4245053228342939,-0.023796764840613886,0.775,0.06520784635422402,469.4035410902116,ID007
2.1828766935988337,1.2890953415026922,1.9136514817337646,0.08293212414961985,-0.693820614700865,-0.8272660035952971,0.365,0.16721054426497955,229.0949956492805,ID007
3.0019860285713853,1.0739968669067204,2.1270180964457963,0.38169714716789677,-1.3061820900534058,-0.08257981230213453,0.755,0.06995368999100135,404.8561766165575,ID007
2.6736845175177546,1.072718533089815,1.9558173395020635,0.26869131980052,-1.3549643416053196,-0.0990229505132124,0.23500000000000001,0.08789369069548031,295.7509204802903,ID007
3.1150099724937568,1.0164857104515261,2.104727367879973,0.5001744177465052,-1.463278698092664,0.035941127627586486,0.795,0.07704630229734553,400.2219644802761,ID007
2.404947130600576,1.014290626383897,1.8376227119289588,0.1887424645346737,-1.1364188276591596,-0.3943708693831874,0.215,0.0893990546670808,246.074600214638,ID007
3.0332757148341414,1.1535836051894903,2.071774284246773,0.4320757320066424,-1.507108113286121,0.10827132464858555,0.785,0.07252885022093336,387.1330956921683,ID007
2.453772967045052,1.291415390804795,1.9402849188600675,0.14638437834501175,-1.2775691285728155,-0.30736072868386316,0.76,0.08150713317249124,280.2804739443942,ID007
3.6337714147136166,1.0445895621442751,2.309426874290722,0.6387482943242425,-1.2538760460404308,0.14362814596891557,0.34500000000000003,0.09494268093007992,379.22646181948846,ID008
3.759397277703529,1.1765709914156204,2.3607576646748583,0.6440920330450729,-1.2454360701617793,0.18305661715211277,0.385,0.10241003319425226,353.0193778632853,ID008
3.6324898162438455,1.0209856245760982,2.2192898421939726,0.5859888983910665,-1.0961148326667822,0.2557079389717587,1.5100000000000002,0.11011730802692729,233.05477194118228,ID008
3.75322169778883,1.0185521795964922,2.160055616293185,0.6431174756534732,-0.93894458071314,0.4460989942616004,0.455,0.12122918298912594,168.1588534594845,ID008
3.9989364012303605,1.0878135178310209,2.2514085852285106,0.7510353934578656,-0.901092132985013,0.4325137412763035,0.42,0.10502792689345541,184.4601830152917,ID008
3.921231412459552,1.2055801188832425,2.2317814174306863,0.7322744244801596,-1.0314455986011246,0.5123027129090653,1.565,0.10965942959492078,215.48620851351043,ID008
3.694763706830035,1.098067677109115,2.267672154781942,0.6133066930265907,-1.1783817877919043,0.2753121609997995,1.57,0.11638092016686054,210.51764745531963,ID008
3.6411019424885906,1.013344020184816,2.2512096847657443,0.6275291606473972,-1.1925692993638692,0.19091201529808327,1.5650000000000002,0.1167229060633014,213.20738285296986,ID008
3.4186580294598503,1.0104879935353572,2.141766109809534,0.5434595851006838,-1.2871936335303718,0.19833475188367328,0.435,0.1272429111807741,182.39887873554002,ID008
3.9078658881381556,1.069429985034211,2.2945253092455915,0.7395456760731732,-1.0934485202563087,0.3186014760667332,0.425,0.10875501160109793,212.04265178077537,ID008
3.4023282135453456,1.0465323203224528,2.2766591686655877,0.5760295583051842,-1.3120819164365283,-0.07053622133058057,1.5999999999999999,0.12638404439879858,197.21399592417626,ID008
3.646512777116447,1.045955656171931,2.3433424155916045,0.6666723534712843,-1.2068403830141035,-0.03745851396315133,0.4,0.10969384298066494,243.3300827721033,ID008
3.752775645023677,1.0544633141598425,2.232859148799095,0.6787424463884825,-1.1597112013493491,0.31342734763477,1.51,0.10792012054785247,229.87370657674765,ID008
3.6709903896908553,1.0528431860922638,2.23304597229235,0.7196006690425463,-1.3873105897104532,0.20554248293495894,0.435,0.11849663274019974,194.95031858377504,ID008
3.4342151348434053,0.8879978417957352,2.206627541367494,0.642819166162024,-1.3963294023305284,0.009476119153500169,1.55,0.11793087622580388,275.4645934739764,ID008
3.419904583032037,0.887186195192766,2.0692164798150925,0.6091304038540155,-1.2310984020633577,0.16735815667018678,0.375,0.10965218206980808,224.4382522663783,ID008
3.4955198547914783,0.943460338555335,2.3211086930705713,0.6580463888475455,-1.3848849942834287,-0.10943405963773416,0.88,0.2517508229265931,295.9999047044823,ID008
3.420272446058401,1.0256536716702254,1.9989532638705387,0.3480430893039866,-0.036736007819160754,0.8973390909051261,4.37,0.38008668037487753,351.32725016998063,ID009
5.772122307054207,0.9359023900259597,2.437590877666447,1.1107107302845125,1.6702415212160346,1.3433311697527641,3.02,0.11954008652185687,242.6820217696427,ID009
4.825340172640543,0.9333739149803276,2.2137900331347646,1.2605268387901398,-0.18741237750525874,1.0725581306893546,0.53,0.10983681585913375,106.68479355169637,ID009
5.171264085103982,0.7403654193394846,2.283938302395429,0.7477626432455398,2.2216581788663303,1.2906360888148376,3.3150000000000004,0.15566793471616203,263.09393734697767,ID009
5.208929165923851,0.7389186384865525,2.31467096390035,1.0740082428603286,0.9504835091212982,1.1975739420567197,1.385,0.26588958226970966,219.4236064515146,ID009
5.947077798642352,1.0122622869151088,2.5066613297595315,2.084826494129577,-0.32748631624928226,1.0410286668196669,0.265,0.04455969956547338,1070.1861230899233,ID009
3.1283556009437823,0.6096467574125608,1.9488034045444989,0.49820856097175314,-0.8097302753300313,-0.20004301559957133,1.37,0.07671762120891731,339.55099691286483,ID010
3.280240367181089,0.6082229790532294,2.0717238507278077,0.5860206216282826,-0.8701059550634489,-0.3598156912933145,0.265,0.0807867626565826,335.92993960004304,ID010
3.4528287980350263,0.7532037802335279,2.0758455931411066,0.48766511802729845,-0.5445364052870021,0.08081310502751053,0.24,0.06950822471608839,410.4110492194581,ID010
3.475735385164862,0.7534085677976399,2.3244343565518437,0.6424951797006158,-0.8962218795394614,-0.38885430107642616,1.4,0.0733657691803557,432.9048974574869,ID010
3.7356967502031475,0.7519206465828464,2.2766820748412973,0.8130351834039896,-1.2391025019091817,0.034453221446214925,0.28,0.07495255068141535,461.78951332751575,ID010
3.6642977271409536,0.84149515476196,2.312676556685912,0.7176365864764033,-1.2441771807140143,0.02038716695320899,0.265,0.07231945101981783,467.3810144439315,ID010
3.01285757135876,0.8578140926464344,1.8583528167091423,0.5098999621731077,-1.372111915719443,0.27566953809180955,0.97,0.09957324330625554,295.7502084926412,ID010
3.1443452970871504,0.8552915861619346,1.8669351040046354,0.37371102453798477,-0.6906915463380248,0.3923621845220767,0.22,0.06996687043366483,363.0561720212618,ID010
3.4644374781445206,0.9541842668999898,2.180033530731004,0.4012385012006976,-0.5648915022834524,0.20419176327668048,0.215,0.06205913697572324,445.5523296835225,ID010
3.8137946349109524,0.8902581529352903,2.281106081532075,0.5578872867681307,-0.43948205574514576,0.1686493304249401,1.3850000000000002,0.061618420102866125,530.820025159501,ID010
3.2882170848683634,0.8609327720220763,2.0579900717591992,0.5679444019756839,-1.2211845666145296,0.08122271239129644,1.37,0.0714673009520622,392.2384631717556,ID010
3.207613212208519,0.8593070573001873,2.16891377522129,0.4343315623931821,-0.7550274611547598,-0.3765012549102406,0.25,0.07793957171908174,371.74870302163833,ID010
3.347394750389459,0.7843808188244201,2.1953665322768896,0.511673392053293,-0.7436973542256089,-0.314367871746989,1.335,0.06871015137167202,421.58307576369043,ID010
3.378974320985912,0.7827097247040317,2.2645679755506536,0.6090593184275828,-0.963061539674908,-0.3014803623160107,0.255,0.07546668775085467,382.1785008751858,ID010
3.270124604307077,0.7948706974406355,2.1956700701959795,0.5550369217463056,-1.004058064108044,-0.29498033979092436,1.415,0.0856236486007941,360.1005312051936,ID010
3.7636808794055496,0.79420164512457,2.3242645220565366,0.7757300196045549,-0.9627158085983822,-0.21755252215319135,1.3900000000000001,0.06376736171051424,492.94983882158897,ID010
3.5041429530991897,0.761489230755589,2.147951299714583,0.6854188982868775,-1.1742642921863538,-0.04466537116057742,1.985,0.23115495310589626,375.9178869725523,ID010
3.4477903412593816,0.7613071584933241,2.1446717254201166,0.5947379265180726,-0.9566885761506732,-0.07328022201544099,0.23,0.06670939275152891,446.5698687248982,ID010
3.4750686202623675,0.6023254086795965,2.2927670610983224,0.7340249598753995,-0.899228262056615,-0.3972938957399559,1.405,0.0776963074702148,399.828522567119,ID010
3.4823048545150073,0.6014786692998954,2.254453526340655,0.7479139353013501,-1.0861037122392565,-0.26028169737887547,0.3,0.08614983826330795,379.99424405566873,ID010
3.492343030106109,0.7220132607620114,2.24721365359944,0.6711016315133796,-1.133198041910741,-0.2470788007667729,1.4249999999999998,0.0701534751563497,430.95430772654214,ID010
3.5372194941892814,0.7195286007547623,2.2855593069825284,0.5995610393820677,-1.043507217985352,-0.12720381364661767,0.24,0.06784990312143668,445.25756882594476,ID010
2.585588207891955,0.8862342080871503,1.8572933991660325,0.34159296251254506,-1.3368923164866817,-0.41634391504408635,1.195,0.16824024748885205,264.96742082476493,ID010
1.898401833981963,1.0412743409848941,1.461240456966349,0.08177136426091472,-1.3894778357276678,0.12518022938239282,0.24,0.12642212818378484,155.32670061674722,ID011
2.9513047030334847,1.0270716539995037,1.8567803982795894,0.46671344257850794,-1.435647653316571,0.3329804866205554,0.835,0.07962580066993977,340.0431080320159,ID011
2.1349598385601434,1.0264803572119983,1.5614989007461282,0.13984506188230864,-1.407669172825073,0.16186967693349358,0.245,0.11475625703818042,183.61256978458343,ID011
2.73053903704549,0.9026748625589209,1.8735829884236224,0.3405482343101849,-1.3374786284286215,-0.04445564316369441,0.88,0.0860635928700275,304.46646284721265,ID011
2.3207732265410117,0.8019624355011062,1.5547786289308527,0.25868019590310093,-1.4291615278654515,0.11206212593601861,0.725,0.09479599190649843,214.00702441531374,ID011
3.106175072981726,0.7983501854971614,1.8744960030820095,0.6534454805885281,-1.4823787174406062,0.1969261668545117,0.22,0.0708266581345057,341.4358700799487,ID011
2.736582882959217,0.9279896861476095,1.7417733634938908,0.39068449565815627,-1.417502593865338,0.281848765298767,0.28500000000000003,0.1041444795166642,234.747957414503,ID011
3.5484189022787653,1.0043197108006785,2.210944368446227,0.7240942209992761,-1.3696065269606592,0.15162520670446927,0.865,0.0704539139500841,443.66426290839746,ID011
2.950861182024559,1.0019241046457528,2.098249282940076,0.3995160419540906,-1.281895097240664,-0.19464044301558753,0.24,0.08133218921377323,336.16896502336175,ID011
3.2912485976958,1.0441805370399802,2.0886150181044507,0.6041240717739969,-1.4287641145644596,0.20663297213696943,0.7050000000000001,0.059248031320550905,436.5398611362292,ID011
2.4540575360791035,1.0097328839093451,1.6776589748791715,0.2304488936655216,-1.324087682253906,0.259947439048611,0.78,0.09168489193594336,238.95963584744837,ID011
3.3517212301319623,1.0083799354020624,2.1141466594460687,0.6412462443791831,-1.4387386165755847,0.18888140563327577,0.225,0.06712968786820657,425.9250462601606,ID011
3.4262593054893027,1.1071363593908303,2.2438892553082948,0.6362741234629593,-1.4558403233841501,0.09175969743717291,0.26,0.07588450751040558,409.4314465027461,ID011
3.2441415973694787,1.147401307528446,2.185195069163903,0.4823306178163311,-1.3844814459312804,0.07791530650529788,0.785,0.06473206970074274,432.1158591664638,ID011
2.67255205941396,1.1461536790800821,1.8840286277404077,0.26447342174666344,-1.4249828873691428,0.17241576204535097,0.215,0.08044745068395241,286.2333609523383,ID011
4.2902168060372805,0.5192089842908423,2.679856434804385,1.5282771755814109,-1.3610359570978605,-0.20956605991570598,0.91,0.06526476694743685,653.4535317715047,ID011
2.798151531764013,0.7502038074616134,1.8938861472796105,0.3946197940607453,-0.9963808089400552,-0.2502216613817147,0.9550000000000001,0.1179349996788634,279.3576545035558,ID011
2.5415281430913796,0.7499848762811775,1.644346996559783,0.36059608646386787,-1.373129386019547,0.06953906856717214,0.295,0.1160718998142502,187.95469637292118,ID011
2.8207379223857965,0.9220647551324747,1.7326377563539868,0.4002364008202425,-1.2817484512256483,0.5191909240554697,1.04,0.13471652115719912,147.46328205679657,ID011
2.516135425378997,0.9205277636371317,1.6714775326139628,0.25669397478312217,-1.231267543729717,0.334788172561162,0.27,0.1073074196550175,219.425137239823,ID011
3.165556100427544,1.2543360596204225,2.1378762726710443,0.4621556315090069,-1.490859839956585,0.17354161629697637,0.7000000000000001,0.07423656145858878,378.5268768331276,ID011
2.777444849711236,1.2524538208030755,1.937845492371234,0.2584593789133001,-1.3282798559338849,0.36458067492565355,0.36,0.12961553495380054,205.58152866873135,ID011
3.9330909031788273,0.8786545401444027,2.416489751290636,1.034869201993544,-1.4254151674792337,0.09971946360469303,0.6900000000000001,0.05974944535608542,549.8106402265494,ID011
2.5120348878835914,0.8781921745187927,1.7024168962723873,0.2854394937678449,-1.3691204560152899,0.07185333732677616,0.295,0.117434674742332,215.27500994422277,ID011
2.3369042092632637,0.8288743086817845,1.7863119205548579,0.25841820191414505,-1.3426809169931704,-0.5134219525357219,0.93,0.11767705279057929,201.21724669869818,ID011
2.504266909391477,0.8250262071766338,1.650006399139623,0.24536044510999397,-1.044642302885758,0.36426578493586553,0.195,0.07786709925715703,236.37429474490182,ID011
3.9265916720234464,0.9537593916190165,2.1183541230014273,0.5710388246713265,-0.041380408122270396,0.757968229609267,0.255,0.06494181756072276,479.6502427805296,ID012
4.204329692966587,0.9357651159068714,2.4807326542224346,0.8763911694443547,-1.1192478437746982,0.24909768251173187,1.8250000000000002,0.1890907845143433,489.46934108489006,ID012
4.000408201239969,0.934033163682939,2.3509760550448155,0.7962016092481516,-1.0528336907065652,0.2170730572370425,0.28500000000000003,0.07124272965735379,440.3674551940808,ID012
3.7620642456902296,0.9382377215775863,2.194075579993256,0.5330191449465251,-0.5674974693141102,0.3369773454602591,0.245,0.0651238213915854,472.4927905580268,ID012
3.2724405108886545,0.7555933140779604,2.141489807200469,0.47451879982396106,-0.7005208495195627,-0.15064452867833317,1.145,0.13903996069173508,245.70996236247896,ID012
4.638740260821275,0.7478195063462337,2.456282001602324,0.9612762090348949,-0.18947924605607458,0.4100183050307649,1.32,0.050660305769824235,688.3820855391039,ID012
5.320951209018956,0.5767568948998035,2.6521920011153357,1.5638619613000655,-0.5171182174411775,0.4940292939739116,1.9100000000000001,0.15786651051718137,439.99154954663123,ID012
4.764129058510298,0.5757581385915093,2.5787066654234096,1.1460191254138021,-0.5353048214987681,0.2458225498987968,0.885,0.18576322957059685,326.0770209465974,ID012
4.446248170814444,0.8999252447589589,2.567782673323827,1.067798446288252,-1.0806399338593091,0.2248471190283158,0.845,0.19004787126968142,505.00617976245513,ID012
3.943262147725882,0.9113363210010028,2.368804156927233,0.5727183690937611,-0.47575768241593286,0.15539539106900127,0.23,0.05832734202889434,536.5855351404035,ID012
3.755663955077769,1.150089827385583,2.147495858908172,0.4272707969123936,0.21395911870790396,0.8975840246936887,0.23500000000000001,0.06257215842814505,485.86053439704096,ID012
3.957925019530505,1.1706373605874616,2.4084988007072368,0.5323601335413961,-0.591663578533403,0.30843375633809184,1.3150000000000002,0.059374545712812934,553.4728899124971,ID012
3.991556651952436,1.0202412013537536,2.1250688823607793,0.5700017992312462,0.24702940216239444,0.947815845503265,1.375,0.057621629869012994,548.4210395957272,ID012
2.4734896259545285,0.9667202761735816,1.8235041069195883,0.1816233309350488,-0.9180308872405738,-0.3017657922481957,1.1700000000000002,0.19001494692690507,220.3795726714975,ID012
2.7777274264893905,0.7479976990385065,1.781831382518754,0.37930028633389595,-0.9976712251810009,-0.13102347879826448,1.095,0.1530027733992363,179.4684125283508,ID012
3.483288747965323,1.121609166795703,2.431333367441558,0.4445500164220856,-0.8509897483643387,-0.28217719488476745,1.235,0.06459412821616589,473.6949359354282,ID013
3.6450569392486276,0.9703607018362922,2.490542226608806,0.5941689036343705,-1.0267859112116577,-0.24754047317756048,1.215,0.06035571012104673,547.9506867861993,ID013
3.6443410932973093,0.9686737701048301,2.5517779930386255,0.6743565384891331,-1.082167183229034,-0.3427168068088313,0.245,0.06722751623074065,546.862407431763,ID013
3.6960777947399746,1.0010532713747613,2.675813807364352,0.7670184626381736,-1.0986006233393129,-0.4739124980575129,1.6949999999999998,0.19209552380375416,537.3651341090737,ID013
3.5461261990866864,0.996249660643469,2.5208301403953017,0.5714831743010079,-0.880826892631903,-0.4202372984358932,0.3,0.08459935804802032,493.47308813707065,ID013
3.658411319629896,1.1381476067345615,2.592725866590901,0.5332055986522846,-0.8470207016678839,-0.4209917959514295,0.23,0.06286881925110269,541.2399020788986,ID013
3.718330032091019,1.0760357549869302,2.606543051565301,0.7334568568417581,-1.3085823369134373,-0.240286663981576,1.23,0.06320041469472433,572.2373115172696,ID013
3.6029871050273994,1.0735533277924958,2.5702999336242014,0.5680629995605061,-1.059769208773328,-0.35269999252944323,0.255,0.0707746080035057,523.7066470742078,ID013
3.827823534446589,1.1107270389487627,2.508197099748922,0.6353584038689752,-0.9458167291727579,0.09640733157039871,1.295,0.07706729355345004,577.2252008660172,ID013
3.9726792805622573,1.110461927963251,2.655064880818116,0.7583217666551002,-1.142052526712035,-0.1263026665262702,0.28,0.07048140064313758,626.3098255681881,ID013
3.518378859925204,1.0190880874562673,2.529384217818192,0.5672427882300657,-0.9748380181029348,-0.44985681450055987,1.2300000000000002,0.06394990674903703,515.0767670986615,ID013
3.8365019722952933,1.0189990904138824,2.5616590061390005,0.7125131217015951,-1.0410659680162657,-0.16260843566580835,0.29,0.07558969136317151,571.8851345078705,ID013
3.9927939841058446,1.0924727045921898,2.720512095098968,0.6795682141686835,-0.9090098166816447,-0.2112625772467874,0.26,0.06511730909107373,631.8384036029951,ID013
3.723668213940509,1.008914275720119,2.4239857098067357,0.5364686101937665,-0.7306393072267121,0.1829641007762013,0.24,0.0644525737017864,549.9577638927983,ID013
3.566615860853184,1.1604720566712994,2.5232179770251064,0.43552636909120973,-0.7297821158030247,-0.2792901599575048,1.235,0.0658887890280914,535.9977533294755,ID013
3.668990816503634,1.0372204479274116,2.5371020533407513,0.6230497338476809,-1.1394132305713285,-0.226768696563931,1.29,0.07495249068572522,555.853839728823,ID013
4.012037196483376,0.8759113157616094,2.6032726936017703,0.8645179834033946,-1.180332629960693,-0.13971756143568323,1.255,0.06729748174734272,643.5709887018758,ID013
3.890937625015498,0.991321277905611,2.5199717259086265,0.676672451647085,-1.0134742403744896,0.022105202270103996,1.25,0.06553690256059663,606.7512661045217,ID013
3.7214596536785995,0.9878205010778356,2.5088210956526655,0.6896772551571047,-1.1965742207914902,-0.16362616999574026,0.28,0.07523929480821451,547.1290063648346,ID013
1.9850548835853985,0.7202635883653539,1.2726312359277046,0.14328167485167473,-0.9148677417754199,0.5177612005761989,0.915,0.10830934790662705,155.91709492822247,ID014
2.503098722753973,0.7769941803232412,1.6006540929830622,0.24169676460234596,-0.7921411629326625,0.2792771506351826,0.8800000000000001,0.07990096362637862,243.53219756892605,ID014
2.287028202468667,0.8318678032369458,1.414773013223828,0.20137535396757425,-0.8061494834950942,0.6798400443720453,0.835,0.08307724399502811,197.02166174624642,ID014
2.3942301455907233,0.8303059123687941,1.4720789219257564,0.19564608239716666,-0.472646216805638,0.7777440551854811,0.6,0.2506024749145255,100.63460397176912,ID014
1.4648674497975527,0.9917603070354558,1.252983147963236,0.02331687085736307,-1.3535686579483661,-0.19800259474184986,1.15,0.3345012547501952,97.17031291829952,ID014
2.294863659108049,0.7345636502530862,1.472997474616746,0.19808780309024293,-0.8022998546214577,0.4221058459169462,0.8600000000000001,0.08715114695647522,211.1468207427941,ID014
2.350300060598829,0.8120301669311558,1.4740773371261018,0.20789343916819875,-0.8013825505385261,0.6518316566249389,0.8400000000000001,0.08084074165048961,218.29977554635863,ID014
2.438464730070976,0.8345307938963881,1.5094912712885544,0.23234521839299102,-0.8400292479391891,0.6175846554393198,0.885,0.08201882009348507,232.8620440405712,ID014
2.355567362450429,0.7983174489708994,1.4446444924979298,0.2265515611631499,-0.8115807955976799,0.6021089849626268,0.21,0.08915049654175164,210.33704759650817,ID014
1.4196083620290003,0.8059909872563553,1.1816830452035956,0.039088367033648805,-1.092543526908565,-0.44787044021717193,0.27,0.19019330064673454,92.84511900809164,ID014
2.464710968400841,0.8631402693762261,1.5218421857883888,0.23575927958222093,-0.8094409625879866,0.6921216125386683,0.855,0.07911678184583254,233.64144295688322,ID014
2.4206402454930385,0.8034304343411858,1.5354275328639841,0.23414293901670327,-0.8832651556287572,0.4143374917988777,0.20500000000000002,0.08468833829466692,222.48239958253532,ID014
1.680034179813571,0.8421795578718226,1.3145428102968775,0.08042512902622176,-1.4079352187181553,-0.20756442214507673,0.23,0.1369019766166439,125.77104030393244,ID014
2.3979550609841596,0.7384251669113184,1.4216304777973479,0.2481316992119987,-0.7839865731872186,0.6417140305718219,0.9199999999999999,0.08340439871209128,220.3655421219656,ID014
2.391789497481218,0.8158988814589148,1.4947831009621875,0.22750344624677138,-0.891739205684698,0.6206906497593513,0.8400000000000001,0.08152891389704385,225.10867990214948,ID014
1.5386987333936062,1.030708156679996,1.3040017765050427,0.02628154797965999,-1.2734499509553399,0.01589182242117393,0.5650000000000001,0.3671933873331333,91.82713337611021,ID014
2.067523898385876,0.9282884599510353,1.5557103281241296,0.1378560434175436,-1.3353442152122077,-0.1178097387119911,0.61,0.0894790140730321,192.20346079049452,ID014
1.6738690476927425,0.9085521424181411,1.3341341719281834,0.04879064108706485,-0.9807383732402881,-0.27024482744166684,1.345,0.3465026136898049,91.8974932992607,ID014
2.3816353772149026,0.9050157456897474,1.4506403815893643,0.20921737065597512,-0.630125984114783,0.8626943442874457,0.195,0.08187651303199656,217.4983383932203,ID014
2.5548354128796578,0.8099376657283978,1.5063738190139724,0.28527812327137925,-0.7694201931101086,0.6982790498105725,0.8800000000000001,0.07632585606765473,242.17595168282512,ID014
1.5461746759375121,0.7645819870495674,1.2020404821113255,0.06947277045400882,-1.4127314090055343,-0.20729921542009544,0.655,0.13258527848782656,109.42435445431668,ID014
2.182491539046201,0.761434848234207,1.387996231284028,0.1680364687605953,-0.8220157999601247,0.45680182249054196,0.20500000000000002,0.09392934466522135,179.35085964369276,ID014
2.343190449788752,0.7012120617602329,1.4808968185267708,0.2201571788259225,-0.8177325082736084,0.3750859813880548,0.21,0.08962139633973515,207.12743783101243,ID014
2.249931344007506,0.627888470628252,1.3034465725107272,0.25021476864310344,-0.9224003868259429,0.6813458938622722,0.8500000000000001,0.08222473120912387,198.33685474842002,ID014
3.1988543388157407,0.8089168320859511,1.975724321816682,0.6629905882024811,-1.4582480393142296,0.12989019786811934,0.77,0.08440521868212282,343.9525978599935,ID015
2.3987209191487513,1.3654848197926397,1.8117702959860535,0.11502339356903554,-1.261663819067244,0.48031379069644115,0.73,0.08754665802244471,259.4861264753654,ID015
2.9541346978330583,1.2109658427225793,1.9765258076496963,0.3522264001019392,-1.3294290241346292,0.27561904103945245,0.255,0.08631969293311159,321.2662916193339,ID015
2.8467968556922747,1.3365644463349269,2.0214415724414825,0.20543467769746382,-0.9942290380270453,0.5053787196949716,0.19,0.06674167832526864,336.68073615784414,ID015
2.8017046813314073,1.3153660504506013,2.1068305699131664,0.23273829132171767,-1.4104954412472586,0.0016537098938370536,0.74,0.09101601667696847,334.52141113106023,ID015
3.25635655092001,1.127667437036221,2.091111009039911,0.4426344390417275,-1.1304386813049876,0.41044319486176173,0.7749999999999999,0.058347418972384886,418.8978718235122,ID015
2.931435525690493,1.104230114254939,1.909045128008237,0.31305542267068404,-0.9771209288827545,0.49184589784343646,0.245,0.08357679978047301,305.51517731316534,ID015
2.4460264600363404,1.2325285986646122,1.8651718155642913,0.16777431774429263,-1.4702271734135606,0.0020520954886438297,0.79,0.10016244877267601,276.75697697302985,ID015
3.0015583386194677,1.1668642852938766,2.075720125252672,0.3367826193834792,-1.2059132830032766,0.04476702616579472,0.7949999999999999,0.07162945901590798,358.8462817312101,ID015
2.5547064736461613,1.1665796760537777,1.8964497718139326,0.22707625361943662,-1.4910343165443163,-0.023675860601799912,0.21,0.08220122435446804,290.9923017410941,ID015
2.9879941154761904,1.1697338467631744,2.0244751036263144,0.36308275530610007,-1.345021504758912,0.20377885931076598,0.77,0.07028126290889054,360.6814858939207,ID015
2.003830292420013,1.1333580940904662,1.6425956188536468,0.07393122737466294,-1.095006298256614,-0.4529770757523859,0.7150000000000001,0.08483752373794695,197.00418593914927,ID015
2.917893067006353,1.1315138199948807,1.9757660986847536,0.3162406944585253,-1.2109728575026093,0.2803955003164981,0.2,0.06854260776773166,341.6214274150444,ID015
2.22701289959715,1.1054695028704424,1.7294349297579816,0.13293681464099455,-1.3882510812425535,-0.14375817888063616,0.76,0.11674831342334482,224.99055904451333,ID015
2.462943652518312,1.0447213629396408,1.7866747940505963,0.1826616117978272,-1.1496120321987666,0.07551734286141545,0.195,0.07917355307768259,249.67834676795198,ID015
3.070223411153731,1.2046130524820977,1.9272918365547744,0.410243648646315,-1.2016608668261028,0.5935834422285482,0.7849999999999999,0.06188474731505016,375.98002359506245,ID015
2.991857530857541,1.1336989178800836,1.9422550136692511,0.38943384713445184,-1.2745219633377527,0.3561671360253147,0.225,0.07520411573057403,346.21621511137573,ID015
3.084782670086433,1.160703098280421,2.0224296294110187,0.34698936782913636,-1.0650846315323204,0.5341500078353731,0.83,0.06807610858178088,387.35289165852794,ID015
2.8079349566118945,0.799936113479963,1.7303627325728135,0.39054052041890214,-1.1602734318489654,0.40009434430166263,0.225,0.08013006122887159,283.379166042984,ID015
2.5501177925793423,1.0711149322834184,1.79196067429826,0.2636846349993487,-1.4816503843042454,0.11390819503287081,0.825,0.09411329966732618,267.6320715456208,ID015
3.136881409405811,1.0684846479796049,1.9129450909628336,0.45462730559046655,-1.1266402589779372,0.6127825525527426,0.21,0.06694546990852876,365.0421700455859,ID015
2.619261185950827,1.2337552514673347,1.9039184096373714,0.23255224515390654,-1.4916692444647885,0.10159178175461515,0.265,0.10117356811203287,278.91431857672137,ID015
3.162195161049147,1.1649122647328092,1.954389918132233,0.5003989474540967,-1.330262958967619,0.47828415423364123,0.82,0.07273428371311878,380.37634701436787,ID015
2.6040135974100935,1.1637772539650946,1.9029672636061552,0.2648804740642417,-1.5236779275386105,-0.04290414078808034,0.265,0.10176598166137242,272.54240306497934,ID015
2.9098112813778005,0.9940216751856036,1.8082200354311209,0.46082742559580525,-1.4229865134943296,0.3621902360999889,0.77,0.07216962878106811,336.64412556696504,ID015
1.9759122040104224,0.9933658322418437,1.5063561073304625,0.08113952187914328,-1.0693210738118666,0.19921509962860046,0.2,0.10121907218046873,174.71322777374183,ID015
2.5059797971897537,1.1197308259225804,1.8257499503164365,0.22050783711248842,-1.3977390884454228,-0.03045290506692932,0.21,0.0837995582548181,264.4698200278448,ID016
3.372220169778122,1.1371006441802403,2.1966002726162825,0.5918106113069723,-1.433802005927588,0.15605372134473228,0.20500000000000002,0.06079081129909978,447.20899934106984,ID016
2.620772278535013,1.0717428069188744,1.869531185787816,0.2702790549432632,-1.4414813992298738,0.009431130559987535,0.71,0.08203688727972312,286.0902359489751,ID016
3.5336885276727896,1.0683678760382578,2.2759463963842514,0.6588052191803886,-1.404132222811598,0.19836230948155295,0.215,0.060842940263779934,472.32523444559996,ID016
2.5837531760789862,1.0676836146724775,1.8136461712126406,0.23731937093400532,-1.318660624287345,0.19476003060547883,0.715,0.08127711344265812,284.2812689163732,ID016
3.195252509725288,1.0655141913689525,2.111233373041696,0.49334684911085497,-1.3889244158090976,0.15957048609621377,0.22,0.0688521484077997,390.5908642002262,ID016
2.5813140317840055,1.194085083708875,1.8894159965132535,0.20535012762638016,-1.3782670933135828,0.10095891342880835,0.74,0.08522791000673131,283.40386852714306,ID016
2.424040631289908,1.1141066672247315,1.777829693718021,0.19121322764111848,-1.3551225158228382,-0.0075921270394685575,0.195,0.08044419614213907,252.272278090619,ID016
2.637195821240009,1.1606751009234408,1.9366654627136723,0.2485586770974183,-1.4104213384359041,-0.08691482427834482,0.7050000000000001,0.0777340834339746,299.37735405962434,ID016
3.2939585056311933,1.1587035075127063,2.1936450772621443,0.5251297607369814,-1.4484190817567624,0.15582276697419437,0.21,0.0637530799616917,431.0178094203242,ID016
2.3620056917587315,1.2516815059271724,1.816124182210988,0.13439880892041878,-1.362123383053993,0.0072352506545651386,0.7050000000000001,0.08679064606629232,249.76038017222191,ID016
3.087995619370996,1.075004492725639,2.0412976483295013,0.4697570641841017,-1.4427302611763435,0.1682093904817743,0.72,0.06476693125644352,389.2218758186021,ID016
2.157248589312509,1.031990145885805,1.638015410495844,0.12495042227406275,-1.3229425835502928,-0.030702244554886914,0.73,0.097346221960875,209.80106599125222,ID016
3.3743852862583537,1.0313514744935397,2.1128674045683424,0.6754409628772106,-1.469840564610813,0.21057654724721359,0.215,0.0637153086446747,433.98590694728887,ID016
2.040177123672882,1.0770184974901094,1.6163320860057357,0.1061283142191045,-1.3069092429969662,-0.30682598237490455,0.21,0.1029322393449555,192.38978707264488,ID016
3.2032851610665714,1.0797765758265505,2.079019158149098,0.5240868324197978,-1.4445018250647883,0.22884389590673276,0.21,0.06555769762629501,399.93621911273607,ID016
2.204337527689073,1.1442564734703615,1.6968542359470604,0.11537351341971387,-1.3083006969467152,-0.022842360216617313,0.6799999999999999,0.08619369657022867,219.65181839765768,ID016
3.7504649964717123,1.2123743165105945,2.5844050178848668,0.7189751778305931,-1.4240108071644542,-0.09908723840945292,0.215,0.057326224935378256,560.1162509209568,ID016
3.741193525809874,1.3258909502413816,2.5109039235429567,0.6527087414116152,-1.4178435389197572,0.12867724102108702,0.195,0.05212240389456663,556.6956446685004,ID016
2.7233085514567525,1.1320379207185423,2.0254629956787533,0.24026238041061368,-1.2606178629305282,-0.11522668993688558,0.71,0.07711208481597386,329.83528473236845,ID016
2.851043866399145,1.2725258525239063,2.073593851806839,0.2707039784051052,-1.399641885055327,0.06265191042194136,0.725,0.07541097579517217,349.22138834290354,ID016
3.7280117777153143,1.2722768028285658,2.497390865777074,0.6340010776817275,-1.3818643179889896,0.17893029642808647,0.20500000000000002,0.05498909666150058,538.3754478642142,ID016
2.760080378393786,1.265938441997011,2.093141570661023,0.19435564927723906,-1.1010763896040303,-0.06631726912241079,0.72,0.07246165784359836,350.27644629501697,ID016
2.4967031171070473,0.5733260109662089,1.44441083542372,0.43155097825572114,-1.4110414347362266,0.30597885893851706,0.19,0.07610035758683024,223.73641017427133,ID017
1.7120164351504472,0.6541139113456174,1.2448801352303511,0.13394898026415544,-1.3838374640448168,-0.26590362342352875,0.3,0.17523196263804372,111.29051813608726,ID017
2.2618292329802228,0.6900886706623909,1.3131341481209633,0.3142672779184166,-1.3481804032035554,0.4701387502424814,0.7,0.07958160473628201,185.00957945983797,ID017
1.670968801193443,0.5975720512333934,1.1971846069525713,0.12317390163945433,-1.3764599925314909,-0.17375404249009868,0.8500000000000001,0.18252884182048296,101.39137987683714,ID017
2.1842460182508523,0.5959331403993379,1.2882126713574917,0.31609323879116835,-1.4412835733428606,0.303606440064989,0.19,0.08698653833516075,172.09975796135294,ID017
1.5955217583529762,0.6210761100967622,1.1952948860052033,0.11367732666890804,-1.3609368946230895,-0.3672595760434135,0.295,0.18489249579681216,100.78939779423003,ID017
2.2245474300212362,0.6716613721386918,1.3446709320320644,0.28609503569145667,-1.3813022290624215,0.3741953877359783,0.195,0.0876582793283659,183.0092369578752,ID017
1.6650319453046651,0.641490978810512,1.240260126002903,0.11273446544787569,-1.3492125755862026,-0.28605742625664676,0.8500000000000001,0.18618261401782094,106.91333590967325,ID017
2.2604518287805675,0.6111370224967323,1.3140015780662613,0.35657621674282863,-1.459431000421062,0.3057196796509362,0.655,0.07963009771241333,180.74853974382142,ID017
1.7814144058682524,0.6110979791299165,1.2737954639393967,0.15321559585518663,-1.319571493683726,-0.3155140956674775,0.37,0.20770012793270518,96.5743282716189,ID017
2.3715788304920253,0.7159419166322487,1.460012485000347,0.3422159384999868,-1.4743543664953938,0.25470499269045327,0.18,0.07589880533832218,207.38368248399337,ID017
1.5337499342064551,0.6953682837400367,1.1943497844166513,0.07326857691312652,-1.2861127185021106,-0.39486773717165174,0.925,0.237978820314569,89.18539985243319,ID017
2.197334549540113,0.691046297023703,1.309602743661608,0.29940379085992036,-1.4378494491054021,0.3708117723559472,0.18,0.0819174303874996,172.0742507607179,ID017
1.6415655216270788,0.7303501039204525,1.222353828486627,0.09636184881395148,-1.3532355388152344,-0.2683232219590444,0.39,0.23757808924583268,85.25312098510032,ID017
2.1863909404307855,0.5993205309572474,1.3337690619758986,0.2899048725580312,-1.4087238410781635,0.2537308766606945,0.71,0.08690120164995023,181.3953541580893,ID017
1.753120568855994,0.5980966855097284,1.2687671297912178,0.15806469755972377,-1.3627887273194554,-0.3309090089337381,0.28,0.15971519870006154,121.84438977973544,ID017
2.2991470764849624,0.6301464519683765,1.3660516137114969,0.3519304182242336,-1.4539385815165236,0.26902707011760657,0.6950000000000001,0.08263934132064331,194.6923307294778,ID017
1.4830472817436775,0.6292041143922458,1.1747839432158,0.08874267011434467,-1.2356662230473465,-0.5357248352273708,0.28,0.18880045393481515,93.66548631651854,ID017
2.138372868518859,0.5723086181875837,1.258077360963403,0.30628381717862907,-1.461356733784217,0.31379184866269483,0.18,0.08417615218092285,163.02248989223202,ID017
1.7290031814075608,0.5643365196824625,1.1602166474719815,0.15858751683738923,-1.5005472747883195,0.022462894291307173,0.8700000000000001,0.17061854088657258,104.36841638815595,ID017
2.216632526073857,0.564215249102265,1.3298795769688925,0.3300695798303163,-1.477832195727082,0.22760254338118235,0.2,0.09022695356466862,174.25821744084334,ID017
2.249231276027721,0.6952302553467894,1.3333018501728746,0.31583867986045044,-1.4228077805800985,0.3690268778565903,0.7050000000000001,0.08891926861039037,183.36148367040303,ID017
1.5490380261570944,0.6414678518066536,1.2050370483441863,0.09837176354513508,-1.3072295464285528,-0.5033821752300341,0.94,0.23240229995715475,94.30695788372505,ID017
2.3642665968073198,0.6387580892182645,1.3366732802084371,0.39097746311482157,-1.4078550375599728,0.39241465033766476,0.69,0.0782483668507697,197.2519146373751,ID017
1.6468064753366674,0.6386468626928343,1.2388040492143482,0.11006625715691047,-1.251852607714206,-0.3558866853960233,0.27,0.16395369100355411,107.00656409875424,ID017
2.1887247762547246,0.7152968810768264,1.3012576848573347,0.28188953480106865,-1.372038088546861,0.42371452590704095,0.71,0.08452410371877182,179.83738996289017,ID017
2.6065949136646225,1.0406549109741552,2.0605721279884297,0.28052863117580823,-1.218339478722795,-0.5312551529902408,0.245,0.09399235712293841,313.49886767646905,ID018
2.8790649731956988,1.1239636440429925,1.9791742881646637,0.37746863288505583,-1.4989798935032401,0.09742313354943119,0.21,0.07294034763199686,324.846110611793,ID018
1.9863034332807497,1.1550573758834348,1.6168448617322024,0.06647772674816292,-1.1929309124060217,-0.17926207998303287,1.005,0.19131014608999558,152.16572394902178,ID018
2.96796345233666,1.1515903841640505,2.0701719844592716,0.398309361613216,-1.491285276815196,0.02062949614152877,0.21,0.07075558825856439,346.59940604226995,ID018
2.0444160065893016,1.2270373501109522,1.7216731966367382,0.06304539901387211,-0.9903204267484216,-0.38591486892853016,1.1,0.2127746987882913,167.56368026621888,ID018
1.7826695974508016,1.1377888204939035,1.6136945736921722,0.031997485734375476,0.4320242491513797,-1.255419926237034,0.495,0.2776734402762266,158.96616182759794,ID018
3.0032541202685796,1.2000336789400181,2.0830438980569834,0.40222392208667235,-1.5002546118281683,0.06957750574721858,0.635,0.06825929201810833,359.01913470478956,ID018
2.173402516630876,1.1266362794755218,1.585784928761715,0.10773232962120036,-1.1418996377717812,0.5288364433482661,1.0550000000000002,0.17484106008539144,134.3601427952346,ID018
3.09988739048895,1.0345265702672082,1.9608647182377659,0.4694174612904547,-1.350807460848337,0.3863173975245988,0.22,0.07097031997839737,368.3360506659138,ID018
2.3148823085348735,1.0790724126787286,1.7513836968500132,0.15134140252702835,-1.327365352207913,-0.05837799657600257,0.755,0.09719716599432916,238.52214296597202,ID018
3.0861381473132687,1.0769306912887113,2.088661868664547,0.4684835170026683,-1.4722113263982106,0.0685763388483799,0.21,0.06804620855447507,365.62959605872663,ID018
2.228325647088623,1.0361374131340928,1.6165472070710778,0.11864832989244699,-1.0610852016453425,0.44447221304607387,1.065,0.17501930227727136,137.98438693275017,ID018
3.1726986197823592,1.0333795800937458,2.007067650945431,0.5240770891212521,-1.4093810059285792,0.3083842936016525,0.215,0.06776565497253205,379.82723125983114,ID018
2.1574986693809266,0.9971276866605274,1.6276816918929142,0.12620953604655383,-1.2840632947901782,0.0006163636280954372,0.855,0.1181924251536942,202.2512111228932,ID018
3.0366696599939575,0.9951659948957213,1.8361949650854483,0.4984818350618374,-1.3311231943586581,0.4511468458610137,0.22,0.07244778808124877,343.05372447002657,ID018
2.2354291530087673,1.0676788160201742,1.6986184362102263,0.16254223906441592,-1.425094624903338,-0.17753937578504714,0.8350000000000001,0.12301888415021556,202.52177554786812,ID018
2.948906219832257,0.9853809139370807,1.7941698837552478,0.4532032886584216,-1.3002131936604362,0.4679541389461637,0.825,0.07121284447355042,339.9837006629206,ID018
2.187133477278948,0.984859622220016,1.62103408456956,0.13944259143554016,-1.2083296622145503,0.006799790845222054,0.215,0.09830218513571716,198.47839948205666,ID018
2.991847718177578,1.2266621363644035,1.9697761422396285,0.3495101167957234,-1.2665275821577706,0.4738410994099811,0.22,0.07353315433246997,361.2766281634195,ID018
2.4893081822213152,0.7781729949096594,1.77046652458677,0.28322877705889843,-1.179010627116149,-0.22217766127501815,0.7100000000000001,0.09440373903013469,266.1336422649195,ID018
3.1467535786768983,0.6130171450639854,1.9088220512262155,0.7727383079049477,-1.4976700944677606,0.002697925628317201,0.715,0.07309120153498232,360.15360636083847,ID018
2.7515505891411944,0.6099663994016132,1.78670113444159,0.50280769155859,-1.363626385969183,-0.160081812544889,0.4,0.14537257704022327,150.46180544086857,ID018
3.460852890527955,0.49192140087140007,1.9655241534132057,1.0080109495798928,-1.4084720902796783,0.08325998353609333,0.705,0.06212341489244914,433.2717456450549,ID018
2.8493740318928453,0.4910567577892153,1.8483407418151179,0.5184608710757274,-0.9018562572596993,-0.3794711518443785,0.255,0.08949334034275695,258.5277065167961,ID018
3.26128211130612,1.3118605203403881,2.1802214073249684,0.4926767106904623,-1.4800746362920498,0.21478044707433044,0.685,0.06439185352042315,417.61122478170705,ID018
2.310848356803379,1.31138354568025,1.7589628774006572,0.1428918730499447,-1.5890760541106903,0.13334807405789761,0.36,0.15578694246211458,165.15522880831088,ID018
3.3690794720703843,1.2444622167852586,2.1030874732961387,0.5830457725934786,-1.3913459028232278,0.4058264139392653,0.7450000000000001,0.059363396339563036,445.9017289175062,ID018
2.5257076849492512,1.2270213977239328,1.803672911714682,0.18751057897824824,-1.2856694200237566,0.345118364961104,0.835,0.09304322958684819,264.3832233280985,ID018
3.3538825378733486,1.0894099062142235,2.1391894361067294,0.6256086687172364,-1.4579336042442408,0.18691168098195218,0.76,0.06261399963433369,455.6463471675074,ID018
2.4317079263696555,1.089318657168747,1.8199719092815816,0.22066638080606032,-1.4533041900858803,-0.19101052140948852,0.275,0.11308923946740303,231.94416347303078,ID018
3.2067337242776977,1.1493098265847543,2.0777109266554796,0.4818418323292066,-1.3599821089578374,0.296248534099547,0.20500000000000002,0.0639279770714905,403.8917590364405,ID018
2.0623461334889517,1.0461565775792174,1.694054837753821,0.09878877454157939,-1.0748325228557727,-0.538235396691631,0.855,0.13091885771048065,197.90383189568723,ID018
3.4166659459290805,0.9895318129520135,2.0674570748403287,0.7490640346454045,-1.4669265169590644,0.23472488943688577,0.745,0.06292684254255822,435.0933043736587,ID018
2.39814173974274,0.9886806865723858,1.7256408578265627,0.18583674641065506,-1.0975440761216497,-0.013573297027763217,0.24,0.10007748750736724,225.30862744346481,ID018
2.967273269258573,0.9743516570042599,1.8767418307242518,0.4845405037968555,-1.4397679003789365,0.22015094341251087,0.78,0.0724570946085197,344.4915370549328,ID018
1.9047326149930617,0.9737052082503787,1.4775966539002847,0.08550061725133103,-1.2247512412462327,-0.09913374962729284,0.28,0.14700226047267007,147.10596273253594,ID018
3.067717981432385,0.9150682425353148,1.9011219788371265,0.5683387882673774,-1.460283986092936,0.2084127987877129,0.79,0.07171454525206296,368.6333340759197,ID018
2.028596955228069,0.9149333165364532,1.4790118938506742,0.14786711871606104,-1.442714211418815,-0.05243994748043816,0.3,0.1478854630176017,142.46540898422458,ID018
3.1063663008940288,0.9364476418748234,1.787123425452129,0.5957903976569109,-1.3375510001671416,0.4779857736121058,0.215,0.06921270036251741,365.0480965066786,ID018
1.760418547696526,0.8467311910692874,1.3988798906688993,0.08226068075072313,-1.2083445910386674,-0.4059567852930987,0.805,0.1306507479718108,141.89893679033855,ID018
2.9384370822132806,0.8441783086714781,1.8512339662525923,0.5256341419598175,-1.464006779017643,0.10453961231421179,0.225,0.07657131791657291,323.74929728109475,ID018
1.7264247061216251,0.5751710155592843,1.188186650255576,0.10816182650717349,-0.9945357135484971,0.0945450637777445,1.06,0.2027311117356906,94.55949671505054,ID018
4.281447470490019,1.3694192566041639,2.816421276286513,1.063904923843006,-1.5156383014309267,0.031090330649379123,0.26,0.06072712599933932,683.2207716390045,ID019
3.0478209445684934,1.441358573489496,2.287453637339415,0.2952590432627549,-1.4101920674563486,-0.09564557601027987,0.3,0.09843097919995218,360.5132261810512,ID019
4.189779570380291,1.486280477624311,2.7327197755087895,0.9572470573422923,-1.5162104768083247,0.160699469751915,0.23500000000000001,0.056088869605774964,681.0877515995624,ID019
3.2769632792474956,1.2709400887405795,2.338319042826333,0.43307270762532657,-1.4310077454191987,-0.018591813442533803,0.8400000000000001,0.09002236975561784,397.7370523099654,ID019
4.3222996405593,1.2700584272872475,2.8135771534788176,1.1485789585607797,-1.5159461751552243,0.020864586505055623,0.24,0.05552599772304178,710.4742321938561,ID019
2.9815322913724613,1.3936118765161263,2.2514334500170237,0.26505505975280597,-1.3390897038510527,-0.09639715818592466,0.29,0.09726542316484754,350.1558189286337,ID019
4.295263622826523,1.4087367790754393,2.841314322420509,1.0147886815877365,-1.5033118158806424,0.06492176182711472,0.77,0.05936771811742623,707.2862610935915,ID019
3.131049779188186,1.30254397199343,2.264481544602363,0.3786654160981331,-1.4446265759029124,-0.04375793661158225,0.8350000000000001,0.08942687588716587,387.4271200615277,ID019
3.9968970669111794,1.2993755045263693,2.5912684661933993,0.9349901492903777,-1.533889336482089,0.11402090314762933,0.245,0.061297550549465896,608.4946928392394,ID019
3.1083251564088563,1.3739428002043805,2.245624356258925,0.36153112250370906,-1.4540554216845125,-0.009635174050394029,0.8700000000000001,0.09651499920510222,349.75888824698984,ID019
4.2686352413329285,1.228562264224879,2.747975653589154,1.1510230224860136,-1.5181831796824004,0.035530943210795175,0.765,0.05856672820841322,683.0415280698115,ID019
4.089369442506554,1.2077334593066706,2.579835567415929,0.9277838695284741,-1.4205260284785106,0.26004687409636473,0.255,0.06235680184564086,596.8925718630026,ID019
3.013477798405948,1.4311178453111824,2.2487811227331584,0.26165717824035056,-1.4176160045748378,0.08485812361022003,0.8250000000000001,0.09291589941300142,362.3597568046497,ID019
4.004635956254112,1.3860008586368313,2.685023514208042,0.860436060016114,-1.525146305450033,0.05125649934857184,0.245,0.06117909409902268,618.4900339598315,ID019
4.036693743515261,1.3365286388434066,2.692371173845813,0.8596113079066987,-1.5011526150816803,0.0843288045398836,0.245,0.060693234504990576,623.0273700035281,ID019
3.766659351183469,1.330078806033613,2.6134696385165994,0.6872297174335669,-1.4837010408188767,-0.0199594817296488,0.24,0.06371693790801469,565.3466846502954,ID019
3.2195209071765505,1.57133601741951,2.4206973294491565,0.3169493738656414,-1.43585110159382,-0.04471865385879543,0.305,0.09473459213143559,396.57335008440896,ID019
3.8660273424691756,1.5823582485156535,2.67477480156658,0.678902586509949,-1.528942377179711,0.09327142855388325,0.73,0.05819927798448931,616.9558564727499,ID019
3.9278890511208906,1.3277032099200259,2.640050085991442,0.8459816212975696,-1.5179782693425323,0.009125327533911834,0.245,0.062374470564560636,602.0491828846597,ID019
3.066229318169638,1.4055966566048252,2.2647533129601967,0.31218783856496446,-1.4195921323907548,-0.028104849232239958,0.295,0.09620937294282281,361.03983955326885,ID019
4.053648851473632,1.484459598348255,2.7468822380522036,0.8360368492209056,-1.5244803363409243,0.0608115948300231,0.245,0.06043937424696631,643.7098595305862,ID019
2.991846287217707,1.4128792062955275,2.2876113851239666,0.26306950567881526,-1.3847675686485519,-0.1401703214917307,0.895,0.1052861576966031,351.66472645786354,ID019
3.989045882982081,1.3241609462415191,2.65835073032449,0.9094280910040762,-1.5250095325753927,0.0070386022960125735,0.245,0.06141819552520312,610.5621877313117,ID019
4.07963880982294,1.2271331921368527,2.6644703008261015,1.0043943232181487,-1.5137786183215673,0.024618738259580716,0.25,0.0612799347329599,618.144578371678,ID019
3.896616280578871,1.336643225161601,2.6224444999877297,0.8290443676873197,-1.5230044013233124,0.01051985760967744,0.76,0.06415822908866475,586.0303449886337,ID019
4.166950408256983,1.2973616016192477,2.641552187068187,1.07064125978964,-1.520988425928607,0.1360422290358431,0.23,0.05519624124737496,660.8766120680277,ID019
2.9530252511623787,1.334867203940629,2.136005243604209,0.3108145585207995,-1.454575059423332,0.040566830938968894,0.32,0.10836344859362128,292.05231060777237,ID019
3.9768835365825006,1.4218411914174576,2.636882289313781,0.8241571157964191,-1.5197593107109866,0.14161108365942507,0.23500000000000001,0.05909149660488805,623.2358097205347,ID019
2.8200833740624778,1.4635711385596228,2.236219546569788,0.2147867516277995,-1.3948650627390522,-0.27562536095392404,0.895,0.11169882525360447,327.625781013734,ID019
4.122676900549396,1.300696121887856,2.659690105541413,0.9784934518546721,-1.5103125922263367,0.14432896821535302,0.24,0.05821460322733928,644.9106829002022,ID019
3.040392157816707,1.2116106424055049,2.1752436119601577,0.3423682163636957,-1.3963184925077938,0.047236617284264384,0.8700000000000001,0.1003160066756057,328.31664686801696,ID019
3.891386260942433,1.2083344123166617,2.5785065886187177,0.8254072693228176,-1.4778576067542903,0.06715957215178525,0.23500000000000001,0.06038979022943014,578.3268760094852,ID019
2.8647809224750853,1.2510065848452823,2.1465847028144274,0.25726268298256877,-1.357820714932975,-0.07379468684926437,0.8999999999999999,0.10995605197197746,316.4037747193316,ID019
3.885432867587429,1.246438986489734,2.5576819864857754,0.8634348482359785,-1.519016534549238,0.06142804894234228,0.245,0.06305603734497854,569.8023230935089,ID019
2.66715361301061,1.3855336012061166,2.065403189496708,0.17457259927973792,-1.3738347991819841,-0.0037254323622849593,0.29,0.10873014534496793,293.8354525823975,ID019
3.839702103197363,1.590605384377387,2.6794774148270153,0.6471442960609813,-1.5343085859531582,0.09569824212748315,0.255,0.06641140201674985,577.3968919861303,ID019
3.2549824376666625,0.7872100963687947,2.1358901433616357,0.40440059531402045,-0.655701664773912,-0.1438336928509284,0.9450000000000001,0.29032414708738774,316.9920916841132,ID020
3.2998077910678303,0.8065960112811585,2.0622089550106217,0.3947640336674812,-0.6063629642136283,0.106657514700665,1.415,0.06970102944255767,405.3608347575867,ID020
3.131866194851721,0.8045454824402619,2.057732922142405,0.4086733964646962,-0.8479782785379895,-0.11833413916365326,0.9400000000000001,0.30014053650989536,306.23251809265446,ID020
2.992468336362468,1.0947832681299474,1.9856844746341384,0.2589882496058386,-0.8715173931761577,0.289341503606875,0.225,0.07518876549701493,357.732206752344,ID020
3.225042259458069,0.9787827541224848,2.1402009523912784,0.3867019254052347,-0.9916639638177416,0.20208651756612162,2.09,0.2868179470477499,360.8374381471347,ID020
3.0941748076015525,0.9760803790629553,2.124887617037467,0.3260258379077855,-0.8075783319420848,-0.07469944575374636,0.25,0.08079698644879968,360.21836182381406,ID020
3.2479961143979033,1.0286962616522695,2.1622791088352438,0.4044189119306217,-1.0161396477199631,0.10346719431894814,2.085,0.28171215967406354,374.99630063487905,ID020
3.048086711431345,1.0253366656932417,2.229567991027129,0.3111180688226779,-0.6644745854462384,-0.37346935770747275,0.245,0.08037829077537985,355.2551244871293,ID020
3.1512546835210826,0.9974485248892825,2.152693573077385,0.3239416096319709,-0.6812710604403005,-0.18867702673922437,1.41,0.07298680148029402,384.232683705801,ID020
3.2814059156356747,0.9968987390771005,2.1343106470300657,0.3837074904211661,-0.936581616190951,0.09465495998144313,0.24,0.07313938176816724,393.467084450568,ID020
